title,pub_status,pub_date,parc_status,parc_number,lib_status,pub_location,data_link,comments,reference,parc_ref,publication_year,author,publication_title,doi,url,date,journal_abbreviation
Effects Of Seabird Derived Subsidies On Aquatic Ecosystems,PUBLISHED,-,UNLISTED,-,UPLOADED,https://doi.org/10.1093/acprof:osobl/9780199735693.003.0008,-,-,NA,NA,2011,"Young, H.S.; Hurrey, L.; Kolb, G.; Anderson, W.B.","Seabird Islands:  Ecology, Invasion and Restoration",NA,NA,2011,NA
"Encyclopedia Of Modern Coral Reefs: Structure, Form And Process",PUBLISHED,-,UNLISTED,-,UPLOADED,https://doi.org/10.1007/978-90-481-2639-2,-,-,NA,NA,2011,NA,NA,NA,http://link.springer.com/10.1007/978-90-481-2639-2,2011,NA
"Prey Release, Trophic Cascades, And Phase Shifts In Tropical Nearshore Ecosystems",PUBLISHED,-,UNLISTED,-,UPLOADED,"https://books.google.com/books?hl=en&lr=&id=tjOT8KJ6mF8C&oi=fnd&pg=PA71&dq=.+Chapter+5:+Prey+release,+trophic+cascades,+and+phase+shifts+in+tropical+nearshore+marine+ecosystems&ots=swvDdvWeEE&sig=-zK9gskUjOnPjXVb42NWvmJOgJs#v=onepage&q=Chapter%205%3A%20Prey%20release%2C%20trophic%20cascades%2C%20and%20phase%20shifts%20in%20tropical%20nearshore%20marine%20ecosystems&f=false",-,Book,NA,NA,2010,"Sandin, Stuart A; Walsh, Sheila M; Jackson, Jeremy BC","Trophic Cascades: predators, prey, and the changing dynamics of nature",NA,"https://books.google.com/books?hl=en&lr=&id=tjOT8KJ6mF8C&oi=fnd&pg=PA71&dq=.+Chapter+5:+Prey+release,+trophic+cascades,+and+phase+shifts+in+tropical+nearshore+marine+ecosystems&ots=swvDdvWeEE&sig=-zK9gskUjOnPjXVb42NWvmJOgJs#v=onepage&q=Chapter%205%3A%20Prey%20release%2C%20trophic%20cascades%2C%20and%20phase%20shifts%20in%20tropical%20nearshore%20marine%20ecosystems&f=false",2010,NA
U/Th-Dating Living And Young Fossil Corals From The Central Tropical Pacific,PUBLISHED,3/13/2003,ASSIGNED,PARC-0002,UPLOADED,https:/doi.org/10.1016/S0012-821X(03)00138-9,-,Some supporting information available,"Cobb, K.M., C.D. Charles, H. Cheng, M. Kastnew and R.L. Edwards 2003. U/Th-dating living and young fossil corals from the central tropical Pacific. Earth and Planetary Science Letters 210(1-2): 91-103.","Cobb, K.M., C.D. Charles, H. Cheng, M. Kastnew and R.L. Edwards 2003. U/Th-dating living and young fossil corals from the central tropical Pacific. Earth and Planetary Science Letters 210(1-2): 91-103. {PARC-0002}",2003,"Cobb, Kim M.; Charles, Christopher D.; Cheng, Hai; Kastner, Miriam; Edwards, R.Lawrence",Earth and Planetary Science Letters,10.1016/S0012-821X(03)00138-9,https://linkinghub.elsevier.com/retrieve/pii/S0012821X03001389,2003-05,Earth and Planetary Science Letters
"Indirect Effects Of Algae On Coral: Algae-Mediated, Microbe-Induced Coral Mortality",PUBLISHED,4/26/2006,ASSIGNED,PARC-0003,UPLOADED,https://doi.org/10.1111/j.1461-0248.2006.00937.x,-,-,NA,"Smith, J.E., M. Shaw, R.A. Edwards, D. Obura, O. Pantos, E. Sala, S.A. Sandin, S. Smriga, M. Hatay and F.L. Rohwer 2006. Indirect effects of algae on coral: algae-mediated, microbe-induced coral mortality. Ecology Letters 9:835-845. {PARC-0003}",2006,"Smith, Jennifer E.; Shaw, Morrigan; Edwards, Rob A.; Obura, David; Pantos, Olga; Sala, Enric; Sandin, Stuart A.; Smriga, Steven; Hatay, Mark; Rohwer, Forest L.",Ecology Letters,10.1111/j.1461-0248.2006.00937.x,http://doi.wiley.com/10.1111/j.1461-0248.2006.00937.x,2006-07,Ecol Letters
A Divergent Mtdna Lineage Among Mesoplodon Beaked Whales: Molecular Evidence For A New Species In The Tropical Pacific?,PUBLISHED,3/31/2007,ASSIGNED,PARC-0004,UPLOADED,http://doi.wiley.com/10.1111/j.1748-7692.2007.00143.x,-,"No clear link to data provided, some raw data held in unpublished files, others in DNA surveillance database",NA,"Dalebout, M.L., C.S. Baker, D. Steel, K.M. Robertson, S.J. Chivers, W.F. Perrin, J.G. Mead, R.V. Grace and T.D. Schofield 2007. A divergent mtDNA lineage among Mesoplodon beaked whales: Molecular evidence for a new species in the tropical Pacific? Marine Mammal Science 23: 954-966. {PARC-0004}",2007,"Dalebout, Merel L.; Scott Baker, C.; Steel, Debbie; Robertson, Kelly M.; Chivers, Susan J.; Perrin, William F.; Mead, James G.; Grace, Roger V.; David Schofield, T.",Marine Mammal Science,10.1111/j.1748-7692.2007.00143.x,http://doi.wiley.com/10.1111/j.1748-7692.2007.00143.x,2007-10,Marine Mammal Sci
High Apex Predator Biomass On Remote Pacific Islands,PUBLISHED,10/10/2006,ASSIGNED,PARC-0005,UPLOADED,https://doi.org/10.1007/s00338-006-0158-x,-,-,NA,"Stevenson C , L.S. Katz, F. Micheli, B. Block, K.W. Heiman, C. Perle, K. Weng, R. Dunbar and J. Witting 2007. High apex predator biomass on remote Pacific islands. Coral Reefs 26:47-51 {PARC-0005}",2007,"Stevenson, Charlotte; Katz, Laure S.; Micheli, Fiorenza; Block, Barbara; Heiman, Kimberly W.; Perle, Chris; Weng, Kevin; Dunbar, Robert; Witting, Jan",Coral Reefs,10.1007/s00338-006-0158-x,http://link.springer.com/10.1007/s00338-006-0158-x,2007-03-06,Coral Reefs
Patterns Of Sponge Biodiversity And Abundance Across Different Biogeographic Regions,PUBLISHED,9/16/2008,ASSIGNED,PARC-0006,UPLOADED,https://doi.org/10.1007/s00227-008-1036-6,-,-,NA,"Bell, J.J. and J.L. Carballo 2008. Patterns of sponge biodiversity and abundance across different biogeographic regions. Marine Biology. 155:563-570. {PARC-0006}",2008,"Bell, James J.; Carballo, José Luis",Marine Biology,10.1007/s00227-008-1036-6,http://link.springer.com/10.1007/s00227-008-1036-6,2008-11,Mar Biol
"The Recent Carbonate Sediments Of Palmyra Atoll, Northern Line Islands, Central Pacific Ocean",DISSERTATION,-,ASSIGNED,PARC-0007,UPLOADED,http://hdl.handle.net/10063/1001,-,Information sheet to PARC,NA,"Clark, O. 2008. The recent carbonate sediments of Palmyra Atoll, Northern Line Islands, Central Pacific Ocean. MSc Dissertation, Victoria University of Wellington, New Zealand. {PARC-0007}",NA,"Clark, Oscar",NA,NA,http://hdl.handle.net/10063/1001,NA,NA
"Differences In Fish-Assemblage Structure Between Fished And Unfished Atolls In The Northern Line Islands, Central Pacific",PUBLISHED,8/18/2008,ASSIGNED,PARC-0008,UPLOADED,https://doi.org/10.3354/meps07501,-,Previous title: Predation effects revisited: structure of shallow-reef fish assemblages along an exploitation gradient in the northern Line Islands.,NA,"DeMartini, E.E., A.M. Friedlander, S.A. Sandin and E. Sala 2008. Predation effects revisited: structure of shallow-reef fish assemblages along an exploitation gradient in the northern Line Islands. Marine Ecology Progress Series 365: 199-215. {PARC-0008}",2008,"DeMartini, Edward E; Friedlander, Alan M; Sandin, Stuart A; Sala, Enric",Marine Ecology Progress Series,10.3354/meps07501,http://www.jstor.org/stable/24872844,2008,Mar Ecol Prog Ser
"Aspects Of The Biology, Ecology, And Recreational Fishery For Bonefish At Palmyra Atoll National Wildlife Refuge, With Comparisons To Other Pacific Islands",-,-,ASSIGNED,PARC-0010,INCOMPLETE,-,NA,NA,NA,"Friedlander, A., J.E. Caselle, J. Beets, C. Lowe, B. Bowen, T. Ogawa, K. Kelley, T. Calitri, M. Lange and B. Anderson 2008. Aspects of the biology, ecology, and recreational fishery for bonefish at Palmyra Atoll National Wildlife Refuge, with comparisons to other Pacific Islands. In: J. Ault (Ed.) Biology and Management of the World Tarpon and Bonefish Fisheries. CRC Press LLC. Boca Raton, Florida. {PARC-0010}",2007,"Friedlander, A; Caselle, J; Beets, J; Lowe, C; Bowen, B; Ogawa, T; Kelly, K; Calitri, T; Lange, M; Anderson, B","Biology and management of the world’s tarpon and bonefish fisheries., Boca Raton, Florida, USA",NA,NA,2007,NA
"Shifting Baselines, Local Impacts, And Global Change On Coral Reefs",PUBLISHED,2/26/2008,ASSIGNED,PARC-0011,UPLOADED,https://dx.plos.org/10.1371/journal.pbio.0060054,-,Library info not verified,NA,"Knowlton, N. and J. Jackson 2008. Shifting baselines, local impacts, and global change on coral reefs. PLoS Biol 6(2): e54. (pgs. 215-220) {PARC-0011}",2008,"Knowlton, Nancy; Jackson, Jeremy B. C",PLoS Biology,10.1371/journal.pbio.0060054,https://dx.plos.org/10.1371/journal.pbio.0060054,2008-02-26,PLoS Biol
Reef Fishes Have Higher Parasite Richness At Unfished Palmyra Atoll Compared To Fished Kiritimati Island,PUBLISHED,10/10/2008,ASSIGNED,PARC-0012,UPLOADED,https://doi.org/10.1007/s10393-008-0196-7,-,Library info not verified,NA,"Lafferty, K.D., J.C. Shaw and A.M. Kuris 2008. Reef fishes have higher parasite richness at unfished Palmyra Atoll compared to fished Kiritimati Island. EcoHealth 5(3): 538-345. {PARC-0012}",2008,"Lafferty, Kevin D; Shaw, Jenny C; Kuris, Armand M",EcoHealth,10.1007/s10393-008-0196-7,https://www.ncbi.nlm.nih.gov/pubmed/18846315,2008-09,NA
"Us Coral Reefs In The Line And Phoenix Islands, Central Pacific Ocean: Status, Threats And Significance",PUBLISHED,-,ASSIGNED,PARC-0013,UPLOADED,http://link.springer.com/10.1007/978-1-4020-6847-8_16,-,Book chapter,NA,"Maragos, J., A. Friedlander, S. Godwin, C. Musburger, R. Tsuda, E. Flint, O. Pantos, P. Ayotte, E. Sala, S.A. Sandin, S. McTee, D. Siciliano and D. Obura 2008. U.S. coral reefs in the Line and Phoenix Islands, central Pacific Ocean: status, threats and significance. In: B. Riegl and R.E. Dodge (Eds) Coral Reefs of the USA, Springer, pp. 643-654. {PARC-0013}",2008,"Maragos, James; Friedlander, Alan M.; Godwin, Scott; Musburger, Craig; Tsuda, Roy; Flint, Elizabeth; Pantos, Olga; Ayotte, Paula; Sala, Enric; Sandin, Stuart; McTee, Sarah; Siciliano, Daria; Obura, David",Coral Reefs of the USA,NA,http://link.springer.com/10.1007/978-1-4020-6847-8_16,2008,NA
"Us Coral Reefs In The Line And Phoenix Islands, Central Pacific Ocean: History, Geology, Oceanography, And Biology",PUBLISHED,-,ASSIGNED,PARC-0014,UPLOADED,http://link.springer.com/10.1007/978-1-4020-6847-8_15,-,Library info not verified,NA,"Maragos, J., J. Miller, J. Gove, E. DeMartini, A. Friedlander, S. Godwin, C. Musburger, M. Timmers, R. Tsuda, P. Vroom, E. Flint, E. Lundblad, J. Weiss, P. Ayotte, E. Sala, S.A. Sandin, S. McTee, T. Wass, D. Siciliano, R. Brainard, D. Obura, S. Ferguson and B. Mundy 2008. U.S. coral reefs in the Line and Phoenix Islands, central Pacific Ocean: history, geology, oceanography, and biology. In: B. Riegl and R.E. Dodge (eds) Coral Reefs of the USA, Springer, pp. 595-642. {PARC-0014}",2008,"Maragos, James; Miller, Joyce; Gove, Jamison; De Martini, Edward; Friedlander, Alan M.; Godwin, Scott; Musburger, Craig; Timmers, Molly; Tsuda, Roy; Vroom, Peter; Flint, Elizabeth; Lundblad, Emily; Weiss, Jonathan; Ayotte, Paula; Sala, Enric; Sandin, Stuart; McTee, Sarah; Wass, Todd; Siciliano, Daria; Brainard, Russell; Obura, David; Ferguson, Scott; Mundy, Bruce",Coral Reefs of the USA,NA,http://link.springer.com/10.1007/978-1-4020-6847-8_15,2008,NA
"Movement Patterns, Foraging Ecology And Digestive Physiology Of Blacktip Reef Sharks, Carcharhinus Melanopterus, At Palmyra Atoll: A Predator Dominated Ecosystem",DISSERTATION,12/1/2008,ASSIGNED,PARC-0015,UPLOADED,https://nsgl.gso.uri.edu/hawau/hawauy08003.pdf,-,-,NA,"Papastamatiou, Y.P. 2008. Movement patterns, foraging ecology and digestive physiology of blacktip reef sharks, Carcharhinus melanopterus, at Palmyra Atoll: a predator dominated ecosystem. Ph.D. Dissertation, University of Hawaii at Manoa, 190pp. {PARC-0015}",2008,"Papastamatiou, Yannis P",NA,NA,https://nsgl.gso.uri.edu/hawau/hawauy08003.pdf,2008,NA
Baselines And Degradation Of Coral Reefs In The Northern Line Islands,PUBLISHED,1/9/2008,ASSIGNED,PARC-0016,UPLOADED,https://dx.plos.org/10.1371/journal.pone.0001548,https://dx.plos.org/10.1371/journal.pone.0001548,Supplemental data links given on web page and in pdf,NA,"Sandin, S.A., J.E. Smith, E.E. DeMartini, E.A. Dinsdale, S.D. Donner, A.M. Friedlander, T. Konotchick, M. Malay, J.E. Maragos, D. Obura, O. Pantos, G. Paulay, M. Richie, F. Rohwer, R.E. Schroeder, S. Walsh, J.B.C. Jackson, N. Knowlton and E. Sala 2008. Baselines and degradation of coral reefs in the northern Line Islands. PLoS ONE 3(2): e1548 (11 pgs). {PARC-0016}",2008,"Sandin, Stuart A.; Smith, Jennifer E.; DeMartini, Edward E.; Dinsdale, Elizabeth A.; Donner, Simon D.; Friedlander, Alan M.; Konotchick, Talina; Malay, Machel; Maragos, James E.; Obura, David; Pantos, Olga; Paulay, Gustav; Richie, Morgan; Rohwer, Forest; Schroeder, Robert E.; Walsh, Sheila; Jackson, Jeremy B. C.; Knowlton, Nancy; Sala, Enric",PLoS ONE,10.1371/journal.pone.0001548,https://dx.plos.org/10.1371/journal.pone.0001548,2008-02-27,PLoS ONE
"Coral Disease At Palmyra Atoll, A Remote Reef System In The Central Pacific",PUBLISHED,10/3/2007,ASSIGNED,PARC-0017,UPLOADED,https://link.springer.com/article/10.1007%2Fs00338-007-0314-y,-,-,NA,"Williams, G.J., G.S. Aeby and S.K. Davy 2008. Coral disease at Palmyra Atoll, a remote reef system in the Central Pacific. Coral Reefs. 27:207. {PARC-0017}",2008,"Williams, G. J.; Aeby, G. S.; Davy, S. K.",Coral Reefs,10.1007/s00338-007-0314-y,http://link.springer.com/10.1007/s00338-007-0314-y,2008-03,Coral Reefs
Characterization Of The Coral Communities At Palmyra Atoll In The Remote Central Pacific Ocean,PUBLISHED,6/6/2008,ASSIGNED,PARC-0018,UPLOADED,https://repository.si.edu/handle/10088/6797,-,-,NA,"Williams, G.J., J.E. Maragos and S.K. Davy 2008. Characterization of the coral communities at Palmyra Atoll in the remote Central Pacific Ocean. Atoll Research Bulletin. 557:1-30. {PARC-0018}",2008,"Williams, Gareth J.; Maragos, James E.; Davy, Simon K.",Atoll Research Bulletin,10.5479/si.00775630.557.1,https://repository.si.edu/handle/10088/6797,2008,NA
Phase Shift From A Coral To A Corallimorph-Dominated Reef Associated With A Shipwreck On Palmyra Atoll,PUBLISHED,8/20/2008,ASSIGNED,PARC-0019,UPLOADED,https://doi.org/10.1371/journal.pone.0002989,-,-,NA,"Work, T.M., G.S. Aeby and J.E. Maragos 2008. Phase shift from a coral to a corallimorph-dominated reef associated with a shipwreck on Palmyra Atoll. PLoS ONE 3(8):e2989 (5 pgs). {PARC-0019}",2008,"Work, Thierry M.; Aeby, Greta S.; Maragos, James E.",PLoS ONE,10.1371/journal.pone.0002989,https://dx.plos.org/10.1371/journal.pone.0002989,2008-08-20,PLoS ONE
"Polydactyly In The Central Pacific Gecko, Lepidodactylus Sp. (Squamata: Gekkonidae)",PUBLISHED,12/24/2009,ASSIGNED,PARC-0020,UPLOADED,https://pubs.er.usgs.gov/publication/70035219,-,"Manuscript describing discovery of a single polydactic specimen. Geographic sampling, species information, and date of discovery are included in the paper",NA,"Bauer, A. M., S.A. Hathaway and R.N. Fisher 2009. Polydactyly in the Central Pacific Gecko, Lepidodactylus sp. (Squamata: Gekkonidae). Herpetology Notes 2: 243-246. {PARC-0020}",NA,"Bauer, Aaron M; Hathaway, Stacie A; Fisher, Robert N",NA,NA,NA,NA,NA
Species Identification And Measurement Of Activity In Odontocete Species Of Palmyra Atoll By Acoustic Monitoring,PUBLISHED,6/30/2009,ASSIGNED,PARC-0021,UPLOADED,http://asa.scitation.org/doi/10.1121/1.2932958,-,Doctor rerum naturalium. (equivalent to Ph.D.) Dissertation. | Some supporting information available,NA,"Baumann-Pickering, S. 2009. Species identification and measurement of activity in Odontocete species of Palmyra Atoll by acoustic monitoring. Doctor rerum naturalium. (equivalent to Ph.D.) Dissertation. Eberhard-Karls Universitat, Tubingen, Germany. 100 pgs. {PARC-0021}",2008,"Baumann, Simone; Hildebrand, John A.; Wiggins, Sean M.; Schnitzler, Hans‐Ulrich",The Journal of the Acoustical Society of America,10.1121/1.2932958,http://asa.scitation.org/doi/10.1121/1.2932958,2008-05,The Journal of the Acoustical Society of America
Line Islands,PUBLISHED,-,ASSIGNED,PARC-0023,UPLOADED,http://www.jstor.org/stable/10.1525/j.ctt1pn90r.131,-,Encyclopedia entry,NA,"Charles, C. and S. A. Sandin 2009. Line Islands. In: R.G. Gillespie and D.A. Clague (Eds) The Encyclopedia of Islands, University of California Press, pp. 553-558. {PARC-0023}",2009,"Charles, Christopher; Sandin, Stuart",Encyclopedia of Islands,NA,http://www.jstor.org/stable/10.1525/j.ctt1pn90r.131,2009,NA
Distributions Of Stress-Resistant Coral Symbionts Match Environmental Patterns At Local But Not Regional Scales,PUBLISHED,3/12/2009,ASSIGNED,PARC-0026,UPLOADED,https://doi.org/ 10.3354/meps07871,-,-,NA,"Oliver, T.A., S.R. Palumbi 2009. Distributions of stress-resistant coral symbionts match environmental patterns at local but not regional scales. Marine Ecology Progress Series 378:93-103. {PARC-0026}",2009,"Oliver, Ta; Palumbi, Sr",Marine Ecology Progress Series,10.3354/meps07871,http://www.int-res.com/abstracts/meps/v378/p93-103/,2009-03-12,Mar. Ecol. Prog. Ser.
Cascading Behavioral Effects Of Fishing On Coral Reefs,DISSERTATION,9/4/2009,ASSIGNED,PARC-0027,UPLOADED,https://search.proquest.com/docview/304855131?accountid=14522,-,-,NA,"Madin, E.M.P. 2009. Cascading behavioral effects of fishing on coral reefs. Ph.D. Dissertation. University of California, Santa Barbara. 109 pp. {PARC-0027}",2009,"Madin, Elizabeth McHenry Potter",NA,NA,https://search.proquest.com/docview/304855131?accountid=14522,2009,NA
"Distribution, Abundance, And Microhabitat Characterization Of Small Juvenile Corals At Palmyra Atoll",PUBLISHED,2/11/2009,ASSIGNED,PARC-0030,UPLOADED,http://www.int-res.com/abstracts/meps/v376/p133-142/,-,-,NA,"Roth, M.S. and N. Knowlton 2009. Distribution, abundance, and microhabitat characterization of small juvenile corals at Palmyra Atoll. Marine Ecology Progress Series 376:133-142. {PARC-0030}",2009,"Roth, Ms; Knowlton, N",Marine Ecology Progress Series,10.3354/meps07787,http://www.int-res.com/abstracts/meps/v376/p133-142/,2009-02-11,Mar. Ecol. Prog. Ser.
Stomach Nematodes (Mastophorus Muris) In Rats (Rattus Rattus) Are Associated With Coconut (Cocos Nucifera) Habitat At Palmyra Atoll,PUBLISHED,9/17/2009,ASSIGNED,PARC-0031,UPLOADED,https://doi.org/10.1645/GE-2180.1,-,"Cannot find record of this paper on G. Scholar, no pdf uploaded",NA,"Lafferty, K.D., S.A. Hathaway, A.S. Wegmann, F.S. Shipley, A.R. Backlin, J. Helm and R.N. Fisher 2010. Stomach nematodes (Mastophorus muris) in rats (Rattus rattus) are associated with coconut (Cocos nucifera) habitat at Palmyra Atoll. Journal of Parasitology 96(1):16-20. {PARC-0031}",2010,"Lafferty, Kevin D.; Hathaway, Stacie A.; Wegmann, Alex S.; Shipley, Frank S.; Backlin, Adam R.; Helm, Joel; Fisher, Robert N.",Journal of Parasitology,10.1645/GE-2180.1,http://www.bioone.org/doi/abs/10.1645/GE-2180.1,2010-02,Journal of Parasitology
"Persistence Of Corals In Marginal Habitats: The Role Of The Environment, And Symbiont Diversity And Ecophysiology",DISSERTATION,-,ASSIGNED,PARC-0035,UPLOADED,http://researcharchive.vuw.ac.nz/handle/10063/1210,-,-,NA,"Wicks, L.C. 2010. Persistence of corals in marginal habitats: the role of the environment, and symbiont diversity and ecophysiology. Ph.D. Dissertation, Victoria University of Wellington, 220 pp. {PARC-0035}",NA,"Wicks, Laura Caroline",NA,NA,http://researcharchive.vuw.ac.nz/handle/10063/1210,NA,NA
Resource Partitioning By Species But Not Sex In Sympatric Boobies In The Central Pacific Ocean,PUBLISHED,3/22/2010,ASSIGNED,PARC-0037,UPLOADED,https://doi.org/10.3354/meps08478,NA,Some supporting information available,NA,"Young, H.S., S.A. Shaffer, D.J. McCauley, D.G. Foley, R. Dirzo and B.A. Block 2010. Resource partitioning by species but not sex in sympatric boobies in the Central Pacific Ocean. Marine Ecology Progress Series 403:291-301. {PARC-0037}",2010,"Young, Hs; Shaffer, Sa; McCauley, Dj; Foley, Dg; Dirzo, R; Block, Ba",Marine Ecology Progress Series,10.3354/meps08478,http://www.int-res.com/abstracts/meps/v403/p291-301/,2010-03-22,Mar. Ecol. Prog. Ser.
Plants Cause Ecosystem Nutrient Depletion Via The Interruption Of Bird-Derived Spatial Subsidies,PUBLISHED,2/2/2010,ASSIGNED,PARC-0038,UPLOADED,http://www.pnas.org/cgi/doi/10.1073/pnas.0914169107,-,-,NA,"Young, H.S., D.J. McCauley, R.B. Dunbar and R. Dirzo 2010. Plants cause ecosystem nutrient depletion via the interruption of bird-derived spatial subsidies. Proceedings of the National Academy of Sciences 107:2072-2077. {PARC-0038}",2010,"Young, Hillary S.; McCauley, Douglas J.; Dunbar, Robert B.; Dirzo, Rodolfo",Proceedings of the National Academy of Sciences,10.1073/pnas.0914169107,http://www.pnas.org/lookup/doi/10.1073/pnas.0914169107,2010-02-02,Proc Natl Acad Sci USA
"Effect Of Depth On Sponge Assemblage Structure At Palmyra Atoll, Central Pacific",PUBLISHED,1/5/2010,ASSIGNED,PARC-0040,UPLOADED,http://benthamopen.com/ABSTRACT/TOMBJ-4-26,-,-,NA,"Knapp, I.S.S. and J.J. Bell 2010. Effect of depth on sponge assemblage structure at Palmyra Atoll, Central Pacific. The Open Marine Biology Journal 4:26-30 {PARC-0040}",2010,"S. Knapp, Ingrid S",The Open Marine Biology Journal,10.2174/1874450801004010026,http://benthamopen.com/ABSTRACT/TOMBJ-4-26,2010-10-12,TOMBJ
Effects Of Seabirds On Island Consumers,PUBLISHED,-,ASSIGNED,PARC-0042,UPLOADED,https://doi.org10.1093/acprof:osobl/9780199735693.003.0007,-,-,NA,"Kolb, G., H.S. Young, H. Jones, T. Fukami, J.L. Orrock, D. Towns and L. Yang 2011. Effects of seabirds on island consumers. In: C.P. Mulder, W.B. Anderson, D. Towns and P. Bellingham (Eds) Seabird Islands: Ecology, Invasion and Restoration. Oxford University Press. {PARC-0042}",2011,"Kolb, G.; Young, H.S.; Jones, H.; Fukami, T.; Orrock, J.L.; Towns, D.; Yang, L.","Seabird islands: ecology, invasion, and restoration",NA,NA,2011,NA
Impacts Of Seabirds On Plant And Soil Properties,PUBLISHED,-,ASSIGNED,PARC-0043,UPLOADED,https://doi.org/10.1093/acprof:osobl/9780199735693.003.0005,-,Chapter from a book,NA,"Mulder, C.P.H., H. Jones, K. Kameda, C. Palmborg, S. Schmidt, J. Ellis, J. L. Orrock, A. Wait, D. A. Wardle, L. Yang, H. Young, D. Croll, and E. Vidal 2011. Impacts of seabirds on plant and soil properties. In: C.P. Mulder, W.B. Anderson, D. Towns, and P. Bellingham (Eds) Seabird Islands: Ecology, Invasion and Restoration. Oxford University Press. {PARC-0043}",2011,"Mulder, C. P. H.; Jones, H.; Kameda, K.; Palmborg, C.; Schmidt, S.; Ellis, J.; Orrock, J. L.; Wait, A.; Wardle, D. A.; Yang, L.; Young, H.; Croll, D.; Vidal, E.","Seabird islands: ecology, invasion, and restoration",NA,https://doi.org/10.1093/acprof:osobl/9780199735693.003.0005,2011,NA
Modeling Patterns Of Coral Bleaching At A Remote Central Pacific Atoll,PUBLISHED,6/11/2010,ASSIGNED,PARC-0044,UPLOADED,http://dx.doi.org/10.1016/j.marpolbul.2010.05.009,-,-,NA,"Williams, G.J., I.S. Knapp, J.E. Maragos and S.K. Davy 2010. Modeling patterns of coral bleaching at a remote Central Pacific atoll. Marine Pollution Bulletin 60:1467-1476. {PARC-0044}",2010,"Williams, Gareth J.; Knapp, Ingrid S.; Maragos, James E.; Davy, Simon K.",Marine Pollution Bulletin,10.1016/j.marpolbul.2010.05.009,https://linkinghub.elsevier.com/retrieve/pii/S0025326X10002109,2010-09,Marine Pollution Bulletin
Spatial Patterns Of The Structure Of Reef Fish Assemblages At A Pristine Atoll In The Central Pacific,PUBLISHED,7/14/2010,ASSIGNED,PARC-0046,UPLOADED,https://doi.org/10.3354/meps08634,-,Library info not verified,NA,"Friedlander, A.M., S.A. Sandin, E.E. DeMartini and E. Sala 2010. Spatial patterns of the structure of reef fish assemblages at a pristine atoll in the central Pacific. Marine Ecology Progress Series 410:219-231{PARC-0046}",2010,"Friedlander, Am; Sandin, Sa; DeMartini, Ee; Sala, E",Marine Ecology Progress Series,10.3354/meps08634,http://www.int-res.com/abstracts/meps/v410/p219-231/,2010-07-14,Mar. Ecol. Prog. Ser.
Field Evidence For Pervasive Indirect Effects Of Fishing On Prey Foraging Behavior,PUBLISHED,4/22/2010,ASSIGNED,PARC-0047,UPLOADED,https://www.ncbi.nlm.nih.gov/pubmed/21302828,https://www.ncbi.nlm.nih.gov/pubmed/21302828,Some supplementary information available,NA,"Madin, E.M.P., S.D. Gaines and R.R. Warner 2010. Field evidence for pervasive indirect effects of fishing on prey foraging behavior. Ecology 91(12):3563-3571 {PARC-0047}",2010,"Madin, Elizabeth MP; Gaines, Steven D; Warner, Robert R",Ecology,10.1890/09-2174.1,https://www.ncbi.nlm.nih.gov/pubmed/21302828,2010-12,NA
Uranium-Series Dating And Growth Characteristics Of The Deep-Sea Scleractinian Coral: Enallopsammia Rostrata From The Equatorial Pacific,PUBLISHED,1/20/2010,ASSIGNED,PARC-0048,UPLOADED,http://dx.doi.org/10.1016/j.gca.2010.01.017,-,Some supporting information available,NA,"Houlbrèque, F., M. McCulloch, B. Roark, T. Guilderson, A. Meibom, J. Kimball, G. Mortimer, J.-P. Cuif and R. Dunbar 2010. Uranium-series dating and growth characteristics of the deep-sea scleractinian coral: Enallopsammia rostrata from the Equatorial Pacific. Geochimica et Cosmochimica Acta, 74:2380-2395 {PARC-0048}",2010,"Houlbrèque, Fanny; McCulloch, Malcolm; Roark, Brendan; Guilderson, Tom; Meibom, Anders; Kimball, Justine; Mortimer, Graham; Cuif, Jean-Pierre; Dunbar, Robert",Geochimica et Cosmochimica Acta,10.1016/j.gca.2010.01.017,https://linkinghub.elsevier.com/retrieve/pii/S0016703710000268,2010-04,Geochimica et Cosmochimica Acta
Late 20th Century Warming And Freshening In The Central Tropical Pacific,PUBLISHED,11/12/2009,ASSIGNED,PARC-0049,UPLOADED,https://doi.org/doi:10.1029/2009GLO40270,-,-,NA,"Nurhati, I.S., K.M. Cobb, C.D. Charles and R. B. Dunbar 2009. Late 20th century warming and freshening in the central tropical Pacific. Geophysical Research Letters, 36, L21606, doi: 10.1029/2009GLO40270. {PARC-0049}",2009,"Nurhati, Intan S.; Cobb, Kim M.; Charles, Christopher D.; Dunbar, Robert B.",Geophysical Research Letters,10.1029/2009GL040270,http://doi.wiley.com/10.1029/2009GL040270,2009-11-12,Geophys. Res. Lett.
Acute Effects Of Removing Large Fish From A Near-Pristine Coral Reef,PUBLISHED,8/11/2010,ASSIGNED,PARC-0050,UPLOADED,http://link.springer.com/10.1007/s00227-010-1533-2,-,Supplemental data not found,NA,"McCauley, D.J., F. Micheli, H.S. Young, D.P. Tittensor, D.R. Brumbaugh, E.M.P. Madin, K.E. Holmes, J.E. Smith, H.K. Lotze, P.A. de Salles, S.N. Arnold and B. Worm 2010. Acute effects of removing large fish from a near-pristine coral reef. Marine Biology 157:2739-2750. {PARC-0050}",2010,"McCauley, Douglas J.; Micheli, Fiorenza; Young, Hillary S.; Tittensor, Derek P.; Brumbaugh, Daniel R.; Madin, Elizabeth M. P.; Holmes, Katherine E.; Smith, Jennifer E.; Lotze, Heike K.; DeSalles, Paul A.; Arnold, Suzanne N.; Worm, Boris",Marine Biology,10.1007/s00227-010-1533-2,http://link.springer.com/10.1007/s00227-010-1533-2,2010-12,Mar Biol
Niche Partitioning Among And Within Sympatric Tropical Seabirds Revealed By Stable Isotope Analysis,PUBLISHED,10/14/2010,ASSIGNED,PARC-0051,UPLOADED,https://doi.org/10.3354/meps08756,-,-,NA,"Young, H.S., D.J. McCauley, R. Dirzo, R.B. Dunbar and S.A. Shaffer 2010. Niche partitioning among and within sympatric tropical seabirds revealed by stable isotope analysis. Marine Ecology Progress Series 416:285-294 {PARC-0051}",2010,"Young, Hs; McCauley, Dj; Dirzo, R; Dunbar, Rb; Shaffer, Sa",Marine Ecology Progress Series,10.3354/meps08756,http://www.int-res.com/abstracts/meps/v416/p285-294/,2010-10-14,Mar. Ecol. Prog. Ser.
Biosecurity Plan For Palmyra Atoll,PUBLISHED,-,ASSIGNED,PARC-0054,UPLOADED,https://pubs.usgs.gov/of/2010/1097/,-,-,NA,"Hathaway, S.A. and R.N. Fisher 2010. Biosecurity Plan for Palmyra Atoll. Prepared for The Nature Conservancy Palmyra Program. U.S. Geological Survey, Open File Report 2010-1097 {PARC-0054}",NA,"Hathaway, Stacie A; Fisher, Robert N",NA,NA,https://pubs.usgs.gov/of/2010/1097/,NA,NA
Coral Disease And The Environment In The Pacific Ocean,DISSERTATION,1/1/2010,ASSIGNED,PARC-0055,UPLOADED,http://researcharchive.vuw.ac.nz/handle/10063/1564,-,"Published 2010, no exact date | Contains a pdf of ""Williams, Gareth J., et al. “Modeling Patterns of Coral Bleaching at a Remote Central Pacific Atoll.” Marine Pollution Bulletin, vol. 60, no. 9, Sept. 2010, pp. 1467–76. DOI.org (Crossref), doi:10.1016/j.marpolbul.2010.05.009."", ""Williams, Gareth J., et al. “Predictive Modeling of Coral Disease Distribution within a Reef System.” PLoS One, vol. 5, no. 2, Feb. 2010, p. e9264, doi:10.1371/journal.pone.0009264. 20174663."", ""Williams, Gareth J., et al. “Gross and Microscopic Morphology of Lesions in Cnidaria from Palmyra Atoll, Central Pacific.” Journal of Invertebrate Pathology, vol. 106, no. 2, Feb. 2011, pp. 165–73. DOI.org (Crossref), doi:10.1016/j.jip.2010.08.002."", ""Aeby, Greta S., et al. “Growth Anomalies on the Coral Genera Acropora and Porites Are Strongly Associated with Host Density and Human Population Size across the Indo-Pacific.” PLoS ONE, edited by Christian Voolstra, vol. 6, no. 2, Feb. 2011, p. e16887. DOI.org (Crossref), doi:10.1371/journal.pone.0016887."", ""Williams, G. J., et al. “Coral Disease at Palmyra Atoll, a Remote Reef System in the Central Pacific.” Coral Reefs, vol. 27, no. 1, Mar. 2008, pp. 207–207. DOI.org (Crossref), doi:10.1007/s00338-007-0314-y.""",NA,"Williams, G.J. 2010. Coral disease and the environment in the Pacific Ocean. Ph.D. Dissertation, School of Biological Sciences, Victoria University of Wellington, New Zealand {PARC-0055}",NA,"Williams, Gareth John",NA,NA,http://researcharchive.vuw.ac.nz/handle/10063/1564,NA,NA
"The Atmospheric Lead Record Preserved In Lagoon Sediments At A Remote Equatorial Pacific Location: Palmyra Atoll, Northern Line Islands",PUBLISHED,11/20/2010,ASSIGNED,PARC-0056,UPLOADED,http://dx.doi.org/10.1016/j.marpolbul.2010.11.004,-,Management report,NA,"Collen, J.D., J.A. Baker , R.B. Dunbar, U. Rieser, J.P. Gardner, D.W. Garton and K.J. Christiansen 2011. The atmospheric lead record preserved in lagoon sediments at a remote equatorial Pacific location: Palmyra Atoll, northern Line Islands. Marine Pollution Bulletin 62:251-257 {PARC-0056}",2011,"Collen, John D.; Baker, Joel A.; Dunbar, Robert B.; Rieser, Uwe; Gardner, Jonathan P.; Garton, David W.; Christiansen, Kylie J.",Marine Pollution Bulletin,10.1016/j.marpolbul.2010.11.004,https://linkinghub.elsevier.com/retrieve/pii/S0025326X10004789,2011-02,Marine Pollution Bulletin
Terrestrial Forest Management Plan For Palmyra Atoll,PUBLISHED,-,ASSIGNED,PARC-0058,UPLOADED,-,-,Library info not verified,NA,"Hathaway, S.A., K. McEachern and R.N. Fisher 2011. Terrestrial forest management plan for Palmyra Atoll. Prepared for The Nature Conservancy Palmyra Program. U.S. Geological Survey, Open File Report 2011-1007 {PARC-0058}",NA,"Hathaway, Stacie A; McEachern, Kathryn; Fisher, Robert N",NA,NA,NA,NA,NA
Pacific Coral Reefs: An Introduction,PUBLISHED,-,ASSIGNED,PARC-0059,UPLOADED,https://link.springer.com/referencework/10.1007%2F978-90-481-2639-2,-,Book,NA,"Maragos, J.E. and G.J. Williams 2011. Pacific Coral Reefs: An Introduction, In: D. Hopley (Ed.) Encyclopedia of Modern Coral Reefs: Structure, Form and Process. Springer-Verlag {PARC-0059}",2011,"Maragos, James E; Williams, Gareth J","Encyclopedia of Modern Coral Reefs: Structure, Form and Process",NA,https://link.springer.com/referencework/10.1007%2F978-90-481-2639-2,2011,NA
"Gross And Microscopic Morphology Of Lesions In Cnidaria From Palmyra Atoll, Central Pacific",PUBLISHED,8/13/2010,ASSIGNED,PARC-0061,UPLOADED,http://dx.doi.org/10.1016/j.jip.2010.08.002,-,-,NA,"Williams, G.J., T.M. Work, G.S. Aeby, I.S. Knapp and S.K. Davy 2011. Gross and microscopic morphology of lesions in Cnidaria from Palmyra Atoll, Central Pacific. Journal of Invertebrate Pathology 106:165-173 {PARC-0061}",2011,"Williams, Gareth J.; Work, Thierry M.; Aeby, Greta S.; Knapp, Ingrid S.; Davy, Simon K.",Journal of Invertebrate Pathology,10.1016/j.jip.2010.08.002,https://linkinghub.elsevier.com/retrieve/pii/S002220111000176X,2011-02,Journal of Invertebrate Pathology
Growth Anomalies On The Coral Genera Acropora And Porites Are Strongly Associated With Host Density And Human Population Size Across The Indo-Pacific,PUBLISHED,2/18/2011,ASSIGNED,PARC-0063,UPLOADED,https://journals.plos.org/plosone/article?id=10.1371/journal.pone.0016887,https://journals.plos.org/plosone/article?id=10.1371/journal.pone.0016887,Data collected by authors and sourced from outside institutions/groups - supporting information accessible via plosone link,NA,"Aeby, G.S., G.J. Williams, E.C. Franklin, J. Haapkyla, C.D. Harvell, S. Neale, C.A. Page, L. Raymundo, B. Vargas-Angel, B. Willis, T.M. Work and S.K. Davy 2011. Growth anomalies on the coral genera Acropora and Porites are strongly associated with host density and human population size across the Indo-Pacific. PLoS One 6(2):1-9 {PARC-0063}",2011,"Aeby, Greta S.; Williams, Gareth J.; Franklin, Erik C.; Haapkyla, Jessica; Harvell, C. Drew; Neale, Stephen; Page, Cathie A.; Raymundo, Laurie; Vargas-Ángel, Bernardo; Willis, Bette L.; Work, Thierry M.; Davy, Simon K.",PLoS ONE,10.1371/journal.pone.0016887,https://dx.plos.org/10.1371/journal.pone.0016887,2011-02-18,PLoS ONE
Radiocarbon And Stable Isotopes In Palmyra Corals During The Past Century,PUBLISHED,3/1/2012,ASSIGNED,PARC-0064,UPLOADED,http://dx.doi.org/10.1016/j.gca.2010.11.028,-,Library info not verified,NA,"Druffel-Rodriguez, K.C., D. Vetter, S.M. Griffin, E.R.M. Druffel, R.B. Dunbar, D.A. Mucciarone, L.A. Ziolkowski and J.A. Sanchez Cabeza. (In Press) Radiocarbon and stable isotopes in Palmyra corals during the past century. Geochimica et Cosmochimica Acta {PARC-0064}",2012,"Druffel-Rodriguez, Kevin C.; Vetter, Desiree; Griffin, Sheila; Druffel, Ellen R.M.; Dunbar, Robert B.; Mucciarone, David A.; Ziolkowski, Lori A.; Sanchez-Cabeza, Joan-Albert",Geochimica et Cosmochimica Acta,10.1016/j.gca.2010.11.028,https://linkinghub.elsevier.com/retrieve/pii/S0016703711001396,2012-04,Geochimica et Cosmochimica Acta
Decadal Timescale Shift In The 14c Record Of A Central Equatorial Pacific Coral,PUBLISHED,7/18/2016,ASSIGNED,PARC-0065,UPLOADED,https://www.cambridge.org/core/journals/radiocarbon/article/decadal-timescale-shift-in-the-14c-record-of-a-central-equatorial-pacific-coral/731955FE06B5399EBE85E44652260162,-,-,NA,"Grottoli, A., S.T. Gille, E.R.M. Druffel, and R.B. Dunbar 2003. Decadal timescale shift in the 14C record of a central equatorial Pacific coral. Radiocarbon 45: 11-20 {PARC-0065}",2003,"Grottoli, A G; Gille, S T; Druffel, E R M; Dunbar, R B",Radiocarbon,10.1017/S0033822200032422,https://www.cambridge.org/core/product/identifier/S0033822200032422/type/journal_article,2003,Radiocarbon
Extreme Longevity In Proteinaceous Deep-Sea Corals,PUBLISHED,3/31/2009,ASSIGNED,PARC-0066,UPLOADED,http://www.pnas.orgcgidoi10.1073pnas.0810875106%20roa/,www.pnas.org/cgi/content/full/ 0810875106/DCSupplemental,Some information available at supplementary link,NA,"Roark, E.B., T.P. Guilderson, R.B. Dunbar, S.J. Fallon, G. Shester and D.A. Mucciarone 2008. Extreme longevity in proteinaceous deep-sea corals. Proceedings of the National Academy of Sciences of the USA 106: 5204-5208. {PARC-0066}",2009,"Roark, E. B.; Guilderson, T. P.; Dunbar, R. B.; Fallon, S. J.; Mucciarone, D. A.",Proceedings of the National Academy of Sciences,10.1073/pnas.0810875106,http://www.pnas.org/cgi/doi/10.1073/pnas.0810875106,2009-03-31,Proceedings of the National Academy of Sciences
Differential Responses To Guano Fertilization Among Tropical Tree Species With Varying Functional Traits,PUBLISHED,12/6/2010,ASSIGNED,PARC-0068,UPLOADED,http://doi.org/10.3732/ajb.1000159,-,-,NA,"Young, H.S., D.J. McCauley and R. Dirzo 2011. Differential responses to guano fertilization among tropical tree species with varying functional traits. Amercan Journal of Botany 98(2):1-8 {PARC-0068}",2011,"Young, Hillary S; McCauley, Douglas J; Dirzo, Rodolfo",American journal of botany,10.3732/ajb.1000159,https://www.ncbi.nlm.nih.gov/pubmed/21613110,2011-02,NA
"Examination Of Algal Diversity And Benthic Community Structure At Palmyra Atoll, U.s. Line Islands",PUBLISHED,-,ASSIGNED,PARC-0069,UPLOADED,https://www.researchgate.net/publication/250306623,-,"Unconfirmed link, needs a link in Zotero as well",NA,"Braun, C.L., J.E. Smith and P.S. Vroom 2008. Examination of algal diversity and benthic community structure at Palmyra Atoll, U.S. Line Islands. Proceedings of the 11th International Coral Reef Symposium, Fort Lauderdale, FL, 7-11, 2008. {PARC-0069}",NA,"Braun, C L; Smith, J E; Vroom, P S",NA,NA,NA,NA,NA
"Outbreak Of Acropora White Syndrome Following A Mild Bleaching Event At Palmyra Atoll, Northern Line Islands, Central Pacific",PUBLISHED,4/30/2011,ASSIGNED,PARC-0072,UPLOADED,https://doi.org/10.1007/s00338-011-0762-2,-,Some supporting information available,NA,"Williams, G.J., I.S. Knapp, T.M. Work, E.J. Conklin (In Press) Outbreak of Acropora white syndrome following a mild bleaching event at Palmyra Atoll, Northern Line Islands, Central Pacific. Coral Reefs 30:621 {PARC-0072}",2011,"Williams, G. J.; Knapp, I. S.; Work, T. M.; Conklin, E. J.",Coral Reefs,10.1007/s00338-011-0762-2,http://link.springer.com/10.1007/s00338-011-0762-2,2011-09,Coral Reefs
Proximate Environmental Drivers Of Coral Communities At Palmyra Atoll: Establishing Baselines Prior To Removing A Wwii Military Causeway,PUBLISHED,5/31/2011,ASSIGNED,PARC-0073,UPLOADED,http://dx.doi.org/10.1016/j.marpolbul.2011.05.002,-,Library info not verified,NA,"Williams, G.J., I.S. Knapp, J.E. Maragos, S.K. Davy (Accepted) Proximate environmental drivers of coral communities at Palmyra Atoll: establishing baselines prior to removing a WWII military causeway. Marine Pollution Bulletin 62:1842-1851 {PARC-0073}",2011,"Williams, Gareth J.; Knapp, Ingrid S.; Maragos, James E.; Davy, Simon K.",Marine Pollution Bulletin,10.1016/j.marpolbul.2011.05.002,https://linkinghub.elsevier.com/retrieve/pii/S0025326X11002529,2011-08,Marine Pollution Bulletin
Fishing Indirectly Structures Macroalgal Assemblages By Altering Herbivore Behavior,PUBLISHED,10/20/2010,ASSIGNED,PARC-0074,UPLOADED,https://doi.org/10.1086/657039,-,-,NA,"Madin, E.M.P., S.D. Gaines, J.S. Madin and R.R. Warner. 2010. Fishing indirectly structures macroalgal assemblages by altering herbivore behavior. American Naturalist 176(6): 785-801. {PARC-0074}",2010,"Madin, Elizabeth M. P.; Gaines, Steven D.; Madin, Joshua S.; Warner, Robert R.",The American Naturalist,10.1086/657039,https://www.journals.uchicago.edu/doi/10.1086/657039,2010-12,The American Naturalist
Evaluating The Performance Of Methods For Estimating The Abundance Of Rapidly Declining Coastal Shark Populations,PUBLISHED,9/9/2011,ASSIGNED,PARC-0076,UPLOADED,http://doi.wiley.com/10.1890/11-1059.1,http://doi.wiley.com/10.1890/11-1059.1,Code and methods available,NA,"McCauley, D.J., K.A. McLean, J. Bauer, H.S. Young, and F. Micheli 2012. Evaluating the performance of methods for estimating the abundance of rapidly declining coastal shark populations. Ecological Applications 22(2):385-392 {PARC-0076}",2012,"McCauley, Douglas J.; McLean, Kevin A.; Bauer, John; Young, Hillary S.; Micheli, Fiorenza",Ecological Applications,10.1890/11-1059.1,http://doi.wiley.com/10.1890/11-1059.1,2012-03,Ecological Applications
Species-Specific Consequences Of Ocean Acidification For The Calcareous Tropical Green Algae Halimeda,PUBLISHED,10/28/2011,ASSIGNED,PARC-0077,UPLOADED,https://doi.org/10.3354/meps09309,-,Library info not verified,NA,"Price, N.N., S.L. Hamilton, J.S. Tootell and J.E. Smith 2011. Species-specific consequences of ocean acidification for the calcareous tropical green algae Halimeda. Marine Ecology Progress Series 440:67-78. {PARC-0077}",2011,"Price, Nn; Hamilton, Sl; Tootell, Js; Smith, Je",Marine Ecology Progress Series,10.3354/meps09309,http://www.int-res.com/abstracts/meps/v440/p67-78/,2011-10-28,Mar. Ecol. Prog. Ser.
High-Frequency Dynamics Of Ocean Ph: A Multi-Ecosystem Comparison,PUBLISHED,12/19/2011,ASSIGNED,PARC-0079,UPLOADED,https://doi.org/10.1371/journal.pone.0028983,-,-,NA,"Hoffman, G.E., J.E. Smith, K.S. Johnson, U. Send, L.A. Levin, F.Micheli, A. Paytan, N. N. Price, B. Peterson, Y. Takeshita, P.G. Matson, E.D. Crook, K.J. Kroeker, M.C. Gambi, E.B. Rivest, C.A. Feieder, P.C. Yu and T.R. Martz. 2011. High-frequency dynamics of ocean pH: a multi-ecosystem comparison. PLoS One 6(12): e28983. doi:10.1371/journal.pone.0028983 {PARC-0079}",2011,"Hofmann, Gretchen E.; Smith, Jennifer E.; Johnson, Kenneth S.; Send, Uwe; Levin, Lisa A.; Micheli, Fiorenza; Paytan, Adina; Price, Nichole N.; Peterson, Brittany; Takeshita, Yuichiro; Matson, Paul G.; Crook, Elizabeth Derse; Kroeker, Kristy J.; Gambi, Maria Cristina; Rivest, Emily B.; Frieder, Christina A.; Yu, Pauline C.; Martz, Todd R.",PLoS ONE,10.1371/journal.pone.0028983,https://dx.plos.org/10.1371/journal.pone.0028983,2011-12-19,PLoS ONE
Predictive Modeling Of Coral Disease Distribution Within A Reef System,PUBLISHED,2/17/2010,ASSIGNED,PARC-0080,UPLOADED,https://doi.org/doi:10.1371/journal.pone.0009264,-,-,NA,"Williams, G.J., G.S. Aeby, R.O.M. Cowie and S.K. Davy. (2010). Predictive modeling of coral disease distribution within a reef system. PLoS ONE 5(2): e9264. doi:10.1371/journal.pone.0009264 {PARC-0080}",2010,"Williams, Gareth J; Aeby, Greta S; Cowie, Rebecca OM; Davy, Simon K",PLoS One,10.1371/journal.pone.0009264,https://www.ncbi.nlm.nih.gov/pubmed/20174663,2010-02-17,NA
Assessing The Effects Of Large Mobile Predators On Ecosystem Connectivity,PUBLISHED,4/23/2012,ASSIGNED,PARC-0081,UPLOADED,http://doi.wiley.com/10.1890/11-1653.1,https://esajournals.onlinelibrary.wiley.com/doi/full/10.1890/11-1653.1,-,NA,"McCauley, D.J., H.S. Young, R.B. Dunbar, J.A. Estes, B.X. Semmens, and F. Micheli. (2012). Assessing the effects of large mobile predators on ecosystem connectivity. Ecological Applications 22(6):1711-1717{PARC-0081}",2012,"McCauley, Douglas J.; Young, Hillary S.; Dunbar, Robert B.; Estes, James A.; Semmens, Brice X.; Micheli, Fiorenza",Ecological Applications,10.1890/11-1653.1,http://doi.wiley.com/10.1890/11-1653.1,2012-09,Ecological Applications
Night Shift: Expansion Of Temporal Niche Use Following Reductions In Predator Density,PUBLISHED,6/13/2012,ASSIGNED,PARC-0082,UPLOADED,https://doi.org/doi:10.1371/journal.pone.0038871,https://doi.org/doi:10.1371/journal.pone.0038871,Some supporting information available,NA,"McCauley, D.J., E. Hoffman, H.S. Young and F. Micheli (2012). Night shift: expansion of temporal niche use following reductions in predator density. PLoS ONE 7(6): e38871. doi:10.1371/journal.pone.0038871 {PARC-0082}",2012,"McCauley, Douglas J.; Hoffmann, Eva; Young, Hillary S.; Micheli, Fiorenza",PLoS ONE,10.1371/journal.pone.0038871,https://dx.plos.org/10.1371/journal.pone.0038871,2012-06-13,PLoS ONE
Diel Variability In Seawater Ph Relates To Calcification And Benthic Community Structure On Coral Reefs,PUBLISHED,8/28/2012,ASSIGNED,PARC-0084,UPLOADED,https://journals.plos.org/plosone/article?id=10.1371/journal.pone.0043843#s5,https://journals.plos.org/plosone/article?id=10.1371/journal.pone.0043843#s5,PARC number originally listed without the 0,NA,"Price, N.N., T. Martz, R.E. Brainard and J.E. Smith. (2012). Diel variability in seawater pH relates to calcification and benthic community structure on coral reefs. PLoS One 7(8):e43843 {PARC-0084}",2012,"Price, Nichole N.; Martz, Todd R.; Brainard, Russell E.; Smith, Jennifer E.",PLoS ONE,10.1371/journal.pone.0043843,https://dx.plos.org/10.1371/journal.pone.0043843,2012-08-28,PLoS ONE
The Palmyra Atoll Research Consortium,PUBLISHED,-,ASSIGNED,PARC-0085,UPLOADED,-,-,Dryad repository location listed | PARC number originally listed without the 0,NA,"Suchanek, T. 2012. The Palmyra Atoll Research Consortium. U.S. Geological Survey Fact Sheet 2012-3002, 4 p. {PARC-0085}",2012,"Suchanek, Thomas H",NA,NA,NA,2012,NA
Effects Of Spatial Subsidies And Habitat Structure On The Foraging Ecology And Size Of Geckos,PUBLISHED,8/10/2012,ASSIGNED,PARC-0086,UPLOADED,https://doi.org/doi:10.1371/journal.pone.0041364,https://doi.org/doi:10.1371/journal.pone.0041364,"Some data info at paper source link, raw data on AMtK GitHub",NA,"Briggs, A.A., H.S. Young, D.J. McCauley, S.A. Hathaway, R.Dirzo and R.N. Fisher 2012. Effects of spatial subsidies and habitat structure on the foraging ecology and size of geckos. PLoS ONE 7(8): e41364. doi:10.1371/journal.pone.0041364 {PARC-0086}",2012,"Briggs, Amy A.; Young, Hillary S.; McCauley, Douglas J.; Hathaway, Stacie A.; Dirzo, Rodolfo; Fisher, Robert N.",PLoS ONE,10.1371/journal.pone.0041364,https://dx.plos.org/10.1371/journal.pone.0041364,2012-08-10,PLoS ONE
Restriction Of Sponges To An Atoll Lagoon As A Result Of Reduced Environmental Quality,PUBLISHED,11/24/2012,ASSIGNED,PARC-0087,UPLOADED,http://dx.doi.org/10.1016/j.marpolbul.2012.08.017,-,"Library info not verified | Previous title: Environmental drivers of sponge diversity, cover and assemblage composition in the lagoons at Palmyra Atoll, Central Pacific",NA,"Knapp, I. S.S., G.J. Williams, J.L. Carballo, J.A. Cruz-Barraza, J.P.A Gardner and J.J. Bell (2013). Environmental drivers of sponge diversity, cover and assemblage composition in the lagoons at Palmyra Atoll, Central Pacific. Marine Pollution Bulletin 66(1-2): 209-220. {PARC-0087}",2013,"Knapp, Ingrid S.S.; Williams, Gareth J.; Carballo, José Luis; Cruz-Barraza, José Antonio; Gardner, Jonathan P.A.; Bell, James J.",Marine Pollution Bulletin,10.1016/j.marpolbul.2012.08.017,https://linkinghub.elsevier.com/retrieve/pii/S0025326X12004171,2013-01,Marine Pollution Bulletin
Using Stable Isotope Analyses To Assess The Foraging Habits Of Palmyra Atoll Green Turtles (Chelonia Mydas),DISSERTATION,-,ASSIGNED,PARC-0089,UPLOADED,-,-,Some supporting information available,NA,"Kelly, Brooke. 2012. Using stable isotope analyses to assess the foraging habits of Palmyra Atoll green turtles (Chelonia mydas). Masters Thesis, Department of Ecology, Evolution and Environmental Biology, Columbia University, 99 pgs.{PARC-0089}",2012,"Kelly, Brooke",NA,NA,NA,2012,NA
Stable Isotopes In Turtle Epibionts As A Tool To Understand Green Turtle (Chelonia Mydas) Regional Movement Patterns,-,-,ASSIGNED,PARC-0090,UPLOADED,-,-,Some supporting information available,NA,"Detjen, M. 2012. Stable isotopes in turtle epibionts as a tool to understand green turtle (Chelonia mydas) regional movement patterns. Masters Dissertation, Department of Ecology, Evolution and Environmental Biology, Columbia University. 58 pp. {PARC-0090}",2012,"Detjen, Matthias",NA,NA,NA,2012,NA
Consumer Preference For Seeds And Seedlings Of Rare Species Impacts Tree Diversity At Multiple Scales,PUBLISHED,11/16/2012,ASSIGNED,PARC-0092,UPLOADED,https://link.springer.com/article/10.1007%2Fs00442-012-2542-2#SecESM1,https://link.springer.com/article/10.1007%2Fs00442-012-2542-2#SecESM1,-,NA,"Young, H.S., D.J. McCauley, R. Guevara and R. Dirzo (2013). Consumer preference for seeds and seedlings of rare species impacts tree diversity at multiple scales. Oecologia 172:857-867 {PARC-0092}",2013,"Young, Hillary S.; McCauley, Douglas J.; Guevara, Roger; Dirzo, Rodolfo",Oecologia,10.1007/s00442-012-2542-2,http://link.springer.com/10.1007/s00442-012-2542-2,2013-07,Oecologia
"Digenean Metacercariae Of Fishes From The Lagoon Flats Of Palmyra Atoll, Eastern Indo-Pacific",PUBLISHED,1/5/2012,ASSIGNED,PARC-0093,UPLOADED,https://doi.org/10.1017/S0022149X11000526,-,-,NA,"Vidal-Martinez, V.M., M.L. Aguirre-Macedo, J.P. McLaughlin, R.F. Hechinger, A.G. Jaramillo, J.C. Shaw, A.K. James, A.M. Kuris and K.D. Lafferty 2012. Digenean metacercariae of fishes from the lagoon flats of Palmyra Atoll, Eastern Indo-Pacific. Journal of Helminthology 86:493-0509 {PARC-0093}",2012,"Vidal-Martínez, VM; Aguirre-Macedo, ML; McLaughlin, JP; Hechinger, RF; Jaramillo, AG; Shaw, JC; James, AK; Kuris, AM; Lafferty, Kevin D",Journal of helminthology,10.1017/S0022149X11000526,https://www.ncbi.nlm.nih.gov/pubmed/22217399,2012-12,NA
Wide Distributional Range Of Marine Sponges Along The Pacific Ocean,PUBLISHED,5/14/2013,ASSIGNED,PARC-0094,UPLOADED,https://doi.org/10.1080/17451000.2013.765581,-,Some supporting information available,NA,"Carballo, J.L., J.A. Aguilar-Camacho, I.S.S. Knapp and J.J. Bell 2013. Wide distributional range of marine sponges along the Pacific Ocean. Marine Biology Research 9(8): 768-775 {PARC-0094}",2013,"Carballo, José Luis; Aguilar-Camacho, Jose María; Knapp, Ingrid S.; Bell, James J.",Marine Biology Research,10.1080/17451000.2013.765581,http://www.tandfonline.com/doi/abs/10.1080/17451000.2013.765581,2013-10,Marine Biology Research
"Benthic Communities At Two Remote Pacific Coral Reefs: Effects Of Reef Habitat, Depth, And Wave Energy Gradients On Spatial Patterns",PUBLISHED,5/12/2013,ASSIGNED,PARC-0095,UPLOADED,https://www.ncbi.nlm.nih.gov/pubmed/23734341,https://doi.org/10.7717/peerj.81,-,NA,"Williams G.J., J.E. Smith, E.J. Conklin, J.M. Gove, E. Sala and S.A. Sandin. 2013. Benthic communities at two remote Pacific coral reefs: effects of reef habitat, depth, and wave energy gradients on spatial patterns. PeerJ 1:e81 {PARC-0095}",2013,"Williams, Gareth J; Smith, Jennifer E; Conklin, Eric J; Gove, Jamison M; Sala, Enric; Sandin, Stuart A",PeerJ,10.7717/peerj.81,https://www.ncbi.nlm.nih.gov/pubmed/23734341,2013,NA
Conservation At The Edges Of The World,PUBLISHED,5/21/2013,ASSIGNED,PARC-0096,UPLOADED,https://www.sciencedirect.com/science/article/pii/S0006320713001766?casa_token=iQV4vhQQdOIAAAAA:KbR8tOmkrfzB0-6FEMSYPYea1UMyuZmeFdICNSitKhCJOHYWzjndHi6HXfkolhbxWBWdZB5kHu68,-,Overview of conservation strategies rather than direct sampling,NA,"McCauley, D.J., E. Power, D.W. Bird, A. McInturff, R.B. Dunbar, W.H. Durham, F. Micheli, and H.S. Young. (2013). Conservation at the edges of the world. Biological Conservation 165:139-145{PARC-0096}",2013,"McCauley, Douglas J.; Power, Eleanor A.; Bird, Douglas W.; McInturff, Alex; Dunbar, Robert B.; Durham, William H.; Micheli, Fiorenza; Young, Hillary S.",Biological Conservation,10.1016/j.biocon.2013.05.026,https://linkinghub.elsevier.com/retrieve/pii/S0006320713001766,2013-09,Biological Conservation
Contrasting Recovery Following Removal Of Growth Anomalies In The Corals Acropora And Montipora,PUBLISHED,10/11/2013,ASSIGNED,PARC-0097,UPLOADED,https://www.ncbi.nlm.nih.gov/pubmed/24113251,-,-,NA,"Williams, G.J. 2013. Contrasting recovery following removal of growth anomalies in the corals Acropora and Montipora. Diseases of Aquatic Organisms 106:181-185{PARC-0097}",2013,"Williams, Gareth J",Diseases of aquatic organisms,10.3354/dao02652,https://www.ncbi.nlm.nih.gov/pubmed/24113251,2013-10-11,NA
Ocean Warming And Acidification Have Complex Interactive Effects On The Dynamics Of A Marine Fungal Disease,PUBLISHED,12/17/2013,ASSIGNED,PARC-0098,UPLOADED,http://dx.doi.org/10.1098/rspb.2013.3069,http://dx.doi.org/10.1098/rspb.2013.3069,-,NA,"Williams, G.J. N. Price, B. Ushijima, G.A. Aeby, S. Callahan, S.K. Davy, J.M. Gove, M.D. Johnson, I.S. Knapp, A. Shore-Maggio, J.E. Smith, P. Videau, T. M. Work. 2014. Ocean warming and acidification have complex interactive effects on the dynamics of a marine fungal disease. Proceedings of the Royal Society Biological Sciences 281- 20133069 {PARC-0098}",2014,"Williams, Gareth J.; Price, Nichole N.; Ushijima, Blake; Aeby, Greta S.; Callahan, Sean; Davy, Simon K.; Gove, Jamison M.; Johnson, Maggie D.; Knapp, Ingrid S.; Shore-Maggio, Amanda; Smith, Jennifer E.; Videau, Patrick; Work, Thierry M.",Proceedings of the Royal Society B: Biological Sciences,10.1098/rspb.2013.3069,https://royalsocietypublishing.org/doi/10.1098/rspb.2013.3069,2014-03-07,Proc. R. Soc. B.
Distant Storms As Drivers Of Environmental Change At Pacific Atolls,PUBLISHED,1/31/2014,ASSIGNED,PARC-0100,UPLOADED,https://doi.org/10.1371/journal.pone.0087971,http://www.palmyraresearch.org/,Exact data link not provided,NA,"Gardner JPA, Garton DW, Collen JD, Zwartz D. 2014. Distant storms as drivers of environmental change at Pacific atolls. PLoS ONE 9:e87971 {PARC-0100}",2014,"Gardner, Jonathan P. A.; Garton, David W.; Collen, John D.; Zwartz, Daniel",PLoS ONE,10.1371/journal.pone.0087971,https://dx.plos.org/10.1371/journal.pone.0087971,2014-01-31,PLoS ONE
"Quantifying Patterns Of Fish Herbivory On Palmyra Atoll (Usa), An Uninhabited Predator-Dominated Central Pacific Coral Reef",PUBLISHED,3/31/2014,ASSIGNED,PARC-0101,UPLOADED,https://doi.org/10.3354/meps10684,-,-,NA,"Hamilton, S.L., J.E. Smith, N.N. Price, and S.A. Sandin. 2014. Quantifying patterns of fish herbivory on Palmyra Atoll (USA), an uninhabited predator-dominated central Pacific coral reef. Marine Ecology Progress Series 501:141-155 {PARC- 0101}",2014,"Hamilton, Sl; Smith, Je; Price, Nn; Sandin, Sa",Marine Ecology Progress Series,10.3354/meps10684,http://www.int-res.com/abstracts/meps/v501/p141-155/,2014-03-31,Mar. Ecol. Prog. Ser.
Differential Plant Damage Due To Litterfall In Palm-Dominated Forest Stands In A Central Pacific Atoll,PUBLISHED,3/13/2014,ASSIGNED,PARC-0102,UPLOADED,http://dx.doi.org/10.1017/S026646741400008X,-,-,NA,"Young, H.S., D.J. McCauley, A. Pollock, and Dirzo, R. Differential plant damage due to litterfall in palm-dominated forest stands in a Central Pacific atoll. Journal of Tropical Ecology 30:231-236 DOI: http://dx.doi.org/10.1017/S026646741400008X {PARC -0102}",2014,"Young, Hillary S.; McCauley, Douglas J.; Pollock, Amanda; Dirzo, Rodolfo",Journal of Tropical Ecology,10.1017/S026646741400008X,https://www.cambridge.org/core/product/identifier/S026646741400008X/type/journal_article,2014-05,J. Trop. Ecol.
"Conservation Management Options And Actions: Putative Decline Of Coral Cover At Palmyra Atoll, Northern Line Islands, As A Case Study",PUBLISHED,6/2/2014,ASSIGNED,PARC-0103,UPLOADED,https://linkinghub.elsevier.com/retrieve/pii/S0025326X14002914,-,"Raw data is listed as available at palmyraresearch.org, however that URL is an invalid domain and is not linked to a website",NA,"Gardner J.P.A, Bartz R.J., Brainard R.E., Collen J.D., Dunbar R.B., Garton D.W., Powell S. 2014. Conservation management options and actions: Putative decline of coral cover at Palmyra Atoll, Northern Line Islands, as a case study. Marine Pollution Bulletin 84:182-190. {PARC-0103}",2014,"Gardner, Jonathan P.A.; John Bartz, R.; Brainard, Russell E.; Collen, John D.; Dunbar, Robert B.; Garton, David W.; Powell, Sam",Marine Pollution Bulletin,10.1016/j.marpolbul.2014.05.013,https://linkinghub.elsevier.com/retrieve/pii/S0025326X14002914,2014-07,Marine Pollution Bulletin
Reliance Of Mobile Species On Sensitive Habitats: A Case Study Of Manta Rays (Manta Alfredi) And Lagoons,PUBLISHED,6/26/2014,ASSIGNED,PARC-0104,UPLOADED,https://doi.org/10.1007/s00227-014-2478-7,-,Library info not verified,NA,"McCauley D.J., P.A. DeSalles, H.S. Young, Y.P. Papastamatiou, J.E. Caselle, M.H. Deakos, J.P.A. Gardner, D.W. Garton, J.D. Collen, F. Micheli. 2014. Reliance of mobile species on sensitive habitats: A case study of manta rays (Manta alfredi) and lagoons. Marine Biology 161:1987-1998. Doi 10.1007/s00227-014-2478-7 {PARC- 0104}",2014,"McCauley, Douglas J.; DeSalles, Paul A.; Young, Hillary S.; Papastamatiou, Yannis P.; Caselle, Jennifer E.; Deakos, Mark H.; Gardner, Jonathan P. A.; Garton, David W.; Collen, John D.; Micheli, Fiorenza",Marine Biology,10.1007/s00227-014-2478-7,http://link.springer.com/10.1007/s00227-014-2478-7,2014-09,Mar Biol
Fishing Drives Declines In Fish Parasite Diversity And Has Variable Effects On Parasite Abundance,PUBLISHED,12/10/2013,ASSIGNED,PARC-0107,UPLOADED,http://doi.org/doi:10.1890/13-1270.1,http://doi.org/doi:10.1890/13-1270.1,Some supplementary info available,NA,"Wood, C.L., S. A. Sandin, B. Zgliczynski, A.S. Guerra, and F. Micheli (2014). Fishing drives declines in fish parasite diversity and has variable effects on parasite abundance. Ecology 95: 1929–1946. doi:10.1890/13-1270.1{PARC-0107}",2014,"Wood, Chelsea L.; Sandin, Stuart A.; Zgliczynski, Brian; Guerra, Ana Sofía; Micheli, Fiorenza",Ecology,10.1890/13-1270.1,http://doi.wiley.com/10.1890/13-1270.1,2014-07,Ecology
Environmental And Ecological Controls Of Coral Community Metabolism On Palmyra Atoll,PUBLISHED,9/27/2014,ASSIGNED,PARC-0109,UPLOADED,https://doi.org/10.1007/s00338-014-1217-3,https://doi.org/10.1007/s00338-014-1217-3,Some information notes as available,NA,"Koweek, D., R.B. Dunbar, J.S. Rogers, G.J. Williams, N. Price, D. Mucciarone and L. Teneva. 2014. Environmental and ecological controls of coral community metabolism on Palmyra Atoll. Coral Reefs. DOI 10.1007/s00338-014-1217-3 {PARC-0109}",2015,"Koweek, David; Dunbar, Robert B.; Rogers, Justin S.; Williams, Gareth J.; Price, Nichole; Mucciarone, David; Teneva, Lida",Coral Reefs,10.1007/s00338-014-1217-3,http://link.springer.com/10.1007/s00338-014-1217-3,2015-03,Coral Reefs
Benthic Processes And Overlying Fish Assemblages Drive The Composition Of Benthic Detritus On A Central Pacific Coral Reef,PUBLISHED,1/14/2013,ASSIGNED,PARC-0111,UPLOADED,https://doi.org/10.3354/meps10259,http://www.int-res.com/articles/suppl/m482p181_supp.pdf,"Library info not verified |   NOTE: 0111 did not exist, assigned to this reference (also not included) in Dec. 2019 by kdk",NA,NA,2013,"Max, Lisa M; Hamilton, Scott L; Gaines, Steven D; Warner, Robert R",Marine Ecology Progress Series,10.3354/meps10259,https://doi.org/10.3354/meps10259,2013,Mar Ecol Prog Ser
Umbrella Species In Marine Systems: Using The Endangered Humphead Wrasse To Conserve Coral Reefs,PUBLISHED,4/29/2015,ASSIGNED,PARC-0112,UPLOADED,https://doi.org/10.3354/esr00663,http://www.int-res.com/articles/suppl/n027p251_supp.pdf,Library info not verified,NA,"Weng, K.C. M.W. Pedersen, G.A. Del Raye, J.E. Caselle, and A.E. Gray. 2015. Umbrella species in marine systems: using the endangered humphead wrasse to conserve coral reefs. Endangered Species Research 27:251-263 {PARC-0112)",2015,"Weng, Kc; Pedersen, Mw; Del Raye, Ga; Caselle, Je; Gray, Ae",Endangered Species Research,10.3354/esr00663,http://www.int-res.com/abstracts/esr/v27/n3/p251-263/,2015-04-29,Endang. Species. Res.
Coral Reef Benthic Regimes Exhibit Non-Linear Threshold Responses To Natural Physical Drivers,PUBLISHED,3/2/2015,ASSIGNED,PARC-0114,UPLOADED,https://doi.org/10.3354/meps11118,-,-,NA,"Gove, J.M, G.J. Williams, M.A. McManus, J.S. Clark, J.S. Ehses, and L.M. Wedding. 2015. Coral reef benthic regimes exhibit non-linear threshold responses to natural physical drivers. Mar Ecol Prog Ser 522:33-48. https://doi.org/10.3354/meps11118. {PARC-0114}",2015,"Gove, Jamison M; Williams, Gareth J; McManus, Margaret A; Clark, Susan J; Ehses, Julia S; Wedding, Lisa M",Marine Ecology Progress Series,10.3354/meps11118,https://doi.org/10.3354/meps11118,2015-03-02,Mar Ecol Prog Ser
"Drivers Of Daily Routines In An Ectothermic Marine Predator: Hunt Warm, Rest Warmer?",PUBLISHED,6/10/2015,ASSIGNED,PARC-0115,UPLOADED,https://doi.org/doi:10.1371/journal.pone.0127807,https://doi/org/10.1371/journal.pone.0127807,Raw data noted as available in supporting information files,NA,"Papastamatiou, .YP., Y.Y. Watanabe, D. Bradley, L.E. Dee, K. Weng, C.G. Lowe, and J.E. Caselle. 2015. Drivers of Daily Routines in an Ectothermic Marine Predator: Hunt Warm, Rest Warmer? PLoS ONE 10(6): e0127807. doi:10.1371/journal.pone.0127807 {PARC-0115}",2015,"Papastamatiou, Yannis P.; Watanabe, Yuuki Y.; Bradley, Darcy; Dee, Laura E.; Weng, Kevin; Lowe, Christopher G.; Caselle, Jennifer E.",PLOS ONE,10.1371/journal.pone.0127807,https://dx.plos.org/10.1371/journal.pone.0127807,2015-06-10,PLoS ONE
Frictional Wave Dissipation On A Remarkably Rough Reef,PUBLISHED,5/23/2015,ASSIGNED,PARC-0116,UPLOADED,https://doi.org/doi:10.1002/2015GL063804,https://doi.org/doi:10.1002/2015GL063804,Some supporting information available,NA,"Monismith, S. G., J. S. Rogers, D. Koweek, and R. B. Dunbar. 2015. Frictional wave dissipation on a remarkably rough reef, Geophys. Res. Lett., 42, doi:10.1002/2015GL063804.{PARC-0116}",2015,"Monismith, Stephen G.; Rogers, Justin S.; Koweek, David; Dunbar, Robert B.",Geophysical Research Letters,10.1002/2015GL063804,https://onlinelibrary.wiley.com/doi/abs/10.1002/2015GL063804,2015-05-28,Geophys. Res. Lett.
Temporal Dynamics And Persistence Of Sponge Assemblages In A Central Pacific Atoll Lagoon,PUBLISHED,6/6/2015,ASSIGNED,PARC-0117,UPLOADED,https://doi.org/doi:10.1111/maec.12303,-,Library info not verified,NA,"Knapp, I.S., G.J. Williams, and J.J. Bell. 2016. Temporal dynamics and persistence of sponge assemblages in a Central Pacific atoll lagoon. Marine Ecology. 10.1111/maec.12303 {PARC-0117}",2016,"Knapp, Ingrid S.S; Williams, Gareth J.; Bell, James J.",Marine Ecology,10.1111/maec.12303,http://doi.wiley.com/10.1111/maec.12303,2016-10,Mar Ecol
Wave Dynamics Of A Pacific Atoll With High Frictional Effects,PUBLISHED,1/11/2016,ASSIGNED,PARC-0120,UPLOADED,http://dx.doi.org/10.1002/2015JC011170,http://dx.doi.org/10.1002/2015JC011170,Library info not verified,NA,"Rogers, J.S., S.G. Monismith, D.A. Koweek and R.B. Dunbar. 2015. Wave dynamics of a pacific atoll with high frictional effects. J. Geophys. Res. Ocean. 120: 1–18. doi:10.1002/2015JC011170. {PARC-0120}",2016,"Rogers, Justin S; Monismith, Stephen G; Koweek, David A; Dunbar, Robert B",Journal of Geophysical Research: Oceans,10.1002/2015JC011170,http://dx.doi.org/10.1002/2015JC011170,2016-01,J Geophys Res-Oceans
Use Of High-Resolution Acoustic Cameras To Study Reef Shark Behavioral Ecology,PUBLISHED,6/1/2016,ASSIGNED,PARC-0123,UPLOADED,https://linkinghub.elsevier.com/retrieve/pii/S0022098116300855,http://dx.doi.org/10.1016/j.jembe.2016.04.012,Book chapter,NA,"McCauley, DJ, P.A. DeSalles, H.S. Young, J.P.A. Gardner, and F. Micheli. 2016. Use of high-resolution acoustic cameras to study reef shark behavioral ecology. Journal of Experimental Marine Biology and Ecology 482:128–133 {PARC-0123}",2016,"McCauley, Douglas J.; DeSalles, Paul A.; Young, Hillary S.; Gardner, Jonathan P.A.; Micheli, Fiorenza",Journal of Experimental Marine Biology and Ecology,10.1016/j.jembe.2016.04.012,https://linkinghub.elsevier.com/retrieve/pii/S0022098116300855,2016-09,Journal of Experimental Marine Biology and Ecology
Large-Area Imaging Reveals Biologically Driven Non-Random Spatial Patterns Of Corals At A Remote Reef,PUBLISHED,10/12/2017,ASSIGNED,PARC-0125,UPLOADED,https://doi.org/10.1007/s00338-017-1624-3,-,PARC number originally listed without the 0,NA,Edwards Clinton et al. Coral Reefs SUBMITTED {PARC-0125},2017,"Edwards, Clinton B; Eynaud, Yoan; Williams, Gareth J; Pedersen, Nicole E; Zgliczynski, Brian J; Gleason, Arthur CR; Smith, Jennifer E; Sandin, Stuart A",Coral Reefs,10.1007/s00338-017-1624-3,https://doi.org/10.1007/s00338-017-1624-3,2017-12,Coral Reefs
"A Coupled Wave-Hydrodynamic Model Of An Atoll With High Friction: Mechanisms For Flow, Connectivity, And Ecological Implications",PUBLISHED,12/28/2016,ASSIGNED,PARC-0127,UPLOADED,https://www.sciencedirect.com/science/article/pii/S146350031630169X?via%3Dihub,-,-,NA,"Rogers, J.S., S.G. Monismith, O.B. Fringer, D.A. Koweek and R.B. Dunbar. 2017. A coupled wave-hydrodynamic model of an atoll with high friction: mechanisms for flow, connectivity, and ecological implications. Ocean Modelling 110:66–82. {PARC-0127}",2017,"Rogers, Justin S.; Monismith, Stephen G.; Fringer, Oliver B.; Koweek, David A.; Dunbar, Robert B.",Ocean Modelling,10.1016/j.ocemod.2016.12.012,https://linkinghub.elsevier.com/retrieve/pii/S146350031630169X,2017-02,Ocean Modelling
Coral Larvae Change Their Settlement Preference For Crustose Coralline Algae Dependent On Availability Of Bare Space,PUBLISHED,2/2/2018,ASSIGNED,PARC-0128,UPLOADED,https://doi.org/10.1007/s00338-018-1665-2,-,-,NA,"Elmer, F et al {PARC-0128}",2018,"Elmer, Franziska; Bell, James J.; Gardner, Jonathan P. A.",Coral Reefs,10.1007/s00338-018-1665-2,http://link.springer.com/10.1007/s00338-018-1665-2,2018-06,Coral Reefs
Activity Seascapes Highlight Central Place Foraging Strategies In Marine Predators That Never Stop Swimming,PUBLISHED,5/28/2018,ASSIGNED,PARC-0129,UPLOADED,https://doi.org/10.1186/s40462-018-0127-3,-,Data available by request to author,NA,"Papastamatiou,Y.P., Y.Y. Watanabe, U. Demšar, V. Leos-Barajas, R. Langrock, D. Bradley, K. Weng, C.G. Lowe, A.M. Friedlander, and J.E. Caselle. Activity seascapes highlight central place refuging strategies in marine predators that do not need a shelter. Submitted to Animal Behavior{PARC-0129}",2018,"Papastamatiou, Yannis P.; Watanabe, Yuuki Y.; Demšar, Urška; Leos-Barajas, Vianey; Bradley, Darcy; Langrock, Roland; Weng, Kevin; Lowe, Christopher G.; Friedlander, Alan M.; Caselle, Jennifer E.",Movement Ecology,10.1186/s40462-018-0127-3,https://movementecologyjournal.biomedcentral.com/articles/10.1186/s40462-018-0127-3,2018-12,Mov Ecol
Growth And Life History Variability Of The Grey Reef Shark (Carcharhinus Amblyrhynchos) Across Its Range,PUBLISHED,2/16/2017,ASSIGNED,PARC-0130,UPLOADED,"https://doi.org/10.1371/
journal.pone.0172370","https://doi.org/10.1371/
journal.pone.0172370",Some supporting information available,NA,"Bradley D, E. Conklin, Y.P. Papastamatiou, D.J. McCauley, K. Pollock, B.E. Kendall, S.D. Gaines, and J.E. Caselle. 2017. Growth and life history variability of the grey reef shark (Carcharhinus amblyrhynchos) across its range. PLoS ONE. 12:1-20. {PARC-0130}",2017,"Bradley, Darcy; Conklin, Eric; Papastamatiou, Yannis P.; McCauley, Douglas J.; Pollock, Kydd; Kendall, Bruce E.; Gaines, Steven D.; Caselle, Jennifer E.",PLOS ONE,10.1371/journal.pone.0172370,https://dx.plos.org/10.1371/journal.pone.0172370,2017-02-16,PLoS ONE
Resetting Predator Baselines In Coral Reef Ecosystems,PUBLISHED,2/21/2017,ASSIGNED,PARC-0131,UPLOADED,https://doi.org/10.1038/srep43131,-,PARC number originally listed without the 0,NA,"Bradley D, E. Conklin, Y.P. Papastamatiou, D.J. McCauley, K. Pollock, A. Pollock, B.E. Kendall, S.D. Gaines, and J.E. Caselle. 2017. Resetting predator baselines in coral reef ecosystems.. Sci Rep. 7:43131.{PARC-0131}",2017,"Bradley, Darcy; Conklin, Eric; Papastamatiou, Yannis P; McCauley, Douglas J; Pollock, Kydd; Pollock, Amanda; Kendall, Bruce E; Gaines, Steven D; Caselle, Jennifer E",Scientific Reports,10.1038/srep43131,https://www.ncbi.nlm.nih.gov/pubmed/28220895,2017-02-21,NA
No Persistent Behavioural Effects Of Scuba Diving On Reef Sharks,PUBLISHED,3/13/2017,ASSIGNED,PARC-0132,UPLOADED,https://doi.org/10.3354/meps12053,https://doi.org/10.3354/meps12053,Some supporting information available,NA,"Bradley D., Y.P Papastamatiou, and J.E. Caselle. 2017. No persistent behavioural effects of SCUBA diving on reef sharks. Marine Ecology Progress Series. 567:173-184 {PARC-0132}",2017,"Bradley, Darcy; Papastamatiou, Yannis P; Caselle, Jennifer E",Marine Ecology Progress Series,10.3354/meps12053,https://doi.org/10.3354/meps12053,2017-03-13,Mar Ecol Prog Ser
Assessing The Effectiveness Of A Large Marine Protected Area For Reef Shark Conservation,PUBLISHED,1/13/2017,ASSIGNED,PARC-0133,UPLOADED,https://linkinghub.elsevier.com/retrieve/pii/S0006320717300678,-,Supplemental data available through links,NA,"White, T.D, A.B. Carlisle, D.A. Kroodsma, B.A. Block, R. Casagrandi, G.A. De Leo, M. Gatto, F. Micheli, D.J. McCauley. 2017. Assessing the effectiveness of a large marine protected area for reef shark conservation. Biological Conservation 207: 64–7. {PARC-0133}",2017,"White, Timothy D.; Carlisle, Aaron B.; Kroodsma, David A.; Block, Barbara A.; Casagrandi, Renato; De Leo, Giulio A.; Gatto, Marino; Micheli, Fiorenza; McCauley, Douglas J.",Biological Conservation,10.1016/j.biocon.2017.01.009,https://linkinghub.elsevier.com/retrieve/pii/S0006320717300678,2017-03,Biological Conservation
Parrotfish Movement Patterns Vary With Spatiotemporal Scale,PUBLISHED,8/18/2017,ASSIGNED,PARC-0135,UPLOADED,https://doi.org/10.3354/meps12174,https://doi.org/10.3354/meps12174,Some supporting information available,NA,"Davis K, P.M. Carlson, C.G. Lowe, R.R. Warner and J.E. Caselle. 2017. Parrotfish movement patterns vary with spatiotemporal scale. Marine Ecology Progress Series. 577:149-164. {PARC-0135}",2017,"Davis, K; Carlson, Pm; Lowe, Cg; Warner, Rr; Caselle, Je",Marine Ecology Progress Series,10.3354/meps12174,https://www.int-res.com/abstracts/meps/v577/p149-164/,2017-08-18,Mar. Ecol. Prog. Ser.
Fine-Scale Spatial Patterns Of Parrotfish Herbivory Are Shaped By Resource Availability,PUBLISHED,8/18/2017,ASSIGNED,PARC-0136,UPLOADED,https://doi.org/10.3354/meps12258,http://www.int-res.com/articles/suppl/m577p165_supp.pdf,Some supplementary info available at provided link | PARC number originally listed without the 0,NA,"Carlson PM, Davis K, Warner RR, Caselle JE. 2017. Fine-scale spatial patterns of parrotfish herbivory are shaped by resource availability. Marine Ecology Progress Series. 577:165-176. {PARC-0136}",2017,"Carlson, Pm; Davis, K; Warner, Rr; Caselle, Je",Marine Ecology Progress Series,10.3354/meps12258,https://www.int-res.com/abstracts/meps/v577/p165-176/,2017-08-18,Mar. Ecol. Prog. Ser.
Mapping Elemental Contamination On Palmyra Atoll National Wildlife Refuge,PUBLISHED,12/30/2017,ASSIGNED,PARC-0137,UPLOADED,https://doi.org/10.1016/j.marpolbul.2017.12.065,https://doi.org/10.5066/F74F1P00,Some supporting information available | PARC number originally listed without the 0,NA,"Struckhoff, M.A., C.E. Orazio, D.E. Tillitt, D.K. Shaver, and D.M. Papoulias. 2018.Mapping elemental contamination on Palmyra Atoll National Wildlife Refuge. Marine Pollution Bulletin. 128:97-105, https://doi.org/10.1016/j.marpolbul.2017.12.065. {PARC-0137}",2018,"Struckhoff, Matthew A.; Orazio, Carl E.; Tillitt, Donald E.; Shaver, David K.; Papoulias, Diana M.",Marine Pollution Bulletin,10.1016/j.marpolbul.2017.12.065,https://linkinghub.elsevier.com/retrieve/pii/S0025326X17311013,2018-03,Marine Pollution Bulletin
Limited Trophic Partitioning Among Sympatric Delphinids Off A Tropical Oceanic Atoll,PUBLISHED,8/2/2017,ASSIGNED,PARC-0138,UPLOADED,https://doi.org/10.1371/journal.pone.0181526,https://datadryad.org/stash/dataset/doi:10.5061/dryad.tg0fd,Some information available| PARC number originally listed without the 0,NA,"Young H, K. Nigro, D.J. McCauley, L.T. Ballance, E.M. Oleson, S. Baumann-Pickering, 2017. Limited trophic partitioning among sympatric delphinids off a tropical oceanic atoll. PLoS ONE 12(8): e0181526. https://doi.org/10.1371/journal.pone.0181526 {PARC-0138}",2017,"Young, Hillary; Nigro, Katherine; McCauley, Douglas J.; Ballance, Lisa T.; Oleson, Erin M.; Baumann-Pickering, Simone",PLOS ONE,10.1371/journal.pone.0181526,https://dx.plos.org/10.1371/journal.pone.0181526,2017-08-02,PLoS ONE
Spatial Separation Without Territoriality In Shark Communities,PUBLISHED,11/9/2017,ASSIGNED,PARC-0139,UPLOADED,https://doi.org/doi:10.1111/oik.04289,https://doi.org/doi:10.1111/oik.04289,Library info not verified | PARC number originally listed without the 0,NA,"Papastamatiou, Y.P., T.W. Bodey, A.M. Friedlander, C.G. Lowe, D. Bradley, K. Weng, V. Priestley, J.E. Caselle 2017. Spatial separation without territoriality in shark communities. Oikos XX;XX-XX. doi: 10.1111/oik.04289 {PARC-0139}",2018,"Papastamatiou, Yannis P.; Bodey, Thomas W.; Friedlander, Alan M.; Lowe, Christopher G.; Bradley, Darcy; Weng, Kevin; Priestley, Victoria; Caselle, Jennifer E.",Oikos,10.1111/oik.04289,http://doi.wiley.com/10.1111/oik.04289,2018-06,Oikos
"Changes In Benthic Community Composition Associated With The Outbreak Of The Corallimorph, Rhodactis Howesii, At Palmyra Atoll",PUBLISHED,8/13/2019,ASSIGNED,PARC-0140,UPLOADED,https://doi.org/10.1007/s00338-019-01841-5,https://link.springer.com/article/10.1007%2Fs00338-019-01841-5#Sec2,Raw data not found | PARC number originally listed without the 0,NA,"Amanda L. Carter, Clinton B. Edwards, Yoan Eynaud, Michael D. Fox, Maggie D. Johnson, Levi S. Lewis, Corinne G. Amir, Stuart A. Sandin, and Jennifer E. Smith. Local-scale variability in the spatial and temporal dynamics of an invasive corallimorph, Rhodactis howesii, at Palmyra Atoll {PARC-0140}",2019,"Carter, Amanda L.; Edwards, Clinton B.; Fox, Michael D.; Amir, Corinne G.; Eynaud, Yoan; Johnson, Maggie D.; Lewis, Levi S.; Sandin, Stuart A.; Smith, Jennifer E.",Coral Reefs,10.1007/s00338-019-01841-5,http://link.springer.com/10.1007/s00338-019-01841-5,2019-12,Coral Reefs
Biophysical Drivers Of Coral Trophic Depth Zonation,PUBLISHED,2/9/2018,ASSIGNED,PARC-0142,UPLOADED,https://doi.org/10.1007/s00227-018-3314-2,https://doi.org/10.1007/s00227-018-3314-2,-,NA,NA,2018,"Williams, Gareth J.; Sandin, Stuart A.; Zgliczynski, Brian J.; Fox, Michael D.; Gove, Jamison M.; Rogers, Justin S.; Furby, Kathryn A.; Hartmann, Aaron C.; Caldwell, Zachary R.; Price, Nichole N.; Smith, Jennifer E.",Marine Biology,10.1007/s00227-018-3314-2,http://link.springer.com/10.1007/s00227-018-3314-2,2018-04,Mar Biol
Mobile Marine Predators: An Understudied Source Of Nutrients To Coral Reefs In An Unfished Atoll,PUBLISHED,2/9/2018,ASSIGNED,PARC-0143,UPLOADED,http://dx.doi.org/10.1098/rspb.2017.2456,https://dx.doi.org/10.6084/m9.figshare.c.4007623,Some supplementary information available | PARC number originally listed without the 0,NA,NA,2018,"Williams, Jessica J.; Papastamatiou, Yannis P.; Caselle, Jennifer E.; Bradley, Darcy; Jacoby, David M. P.",Proceedings of the Royal Society B: Biological Sciences,10.1098/rspb.2017.2456,https://royalsocietypublishing.org/doi/10.1098/rspb.2017.2456,2018-03-28,Proc. R. Soc. B.
Herbivorous Fish Populations Respond Positively To A Shipwreck Removal And Associated Alteration Of Benthic Habitat,PUBLISHED,4/6/2018,ASSIGNED,PARC-0145,UPLOADED,https://doi.org/10.3389/fmars.2018.00406,-,PARC number originally listed without the 0,NA,NA,2018,"Davis, Kathryn; Carlson, Peter M.; Caselle, Jennifer E.",Frontiers in Marine Science,10.3389/fmars.2018.00406,https://www.frontiersin.org/article/10.3389/fmars.2018.00406/full,2018-11-06,Front. Mar. Sci.
Quantifying Coconut Palm Extent On Pacific Islands Using Spectral And Textural Analysis Of Very High Resolution Imagery,PUBLISHED,3/28/2019,ASSIGNED,PARC-0146,UPLOADED,https://doi.org/10.1080/01431161.2019.1594440,-,Library info not verified | PARC number originally listed without the 0,NA,NA,2019,"Burnett, Michael W.; White, Timothy D.; McCauley, Douglas J.; De Leo, Giulio A.; Micheli, Fiorenza",International Journal of Remote Sensing,10.1080/01431161.2019.1594440,https://doi.org/10.1080/01431161.2019.1594440,2019-10-02,Int J Remote Sens
"Chemistry Of The Consumption And Excretion Of The Bumphead Parrotfish (Bolbometopon Muricatum), A Coral Reef Mega-Consumer",PUBLISHED,2/24/2019,ASSIGNED,PARC-0147,UPLOADED,https://doi.org/10.1007/s00338-019-01781-0,https://link.springer.com/article/10.1007%2Fs00338-019-01781-0#Sec14,PARC number originally listed without the 0,NA,NA,2019,"Goldberg, E. Grace; Raab, Ted K.; Desalles, Paul; Briggs, Amy A.; Dunbar, Robert B.; Millero, Frank J.; Woosley, Ryan J.; Young, Hillary S.; Micheli, Fiorenza; Mccauley, Douglas J.",Coral Reefs,10.1007/s00338-019-01781-0,http://link.springer.com/10.1007/s00338-019-01781-0,2019-04,Coral Reefs
"Limited Coral Mortality Following Acute Thermal Stress And Widespread Bleaching On Palmyra Atoll, Central Pacific",PUBLISHED,3/28/2019,ASSIGNED,PARC-0148,UPLOADED,https://doi.org/10.1007/s00338-019-01796-7,https://doi.org/10.1007/s00338-019-01796-7,-,NA,NA,2019,"Fox, Michael D.; Carter, Amanda L.; Edwards, Clinton B.; Takeshita, Yuichiro; Johnson, Maggie D.; Petrovic, Vid; Amir, Corinne G.; Sala, Enric; Sandin, Stuart A.; Smith, Jennifer E.",Coral Reefs,10.1007/s00338-019-01796-7,http://link.springer.com/10.1007/s00338-019-01796-7,2019-08,Coral Reefs
Global Biogeography Of Coral Recruitment: Tropical Decline And Subtropical Increase,PUBLISHED,7/4/2019,ASSIGNED,PARC-0149,UPLOADED,https://doi.org/10.3354/meps12980,https://www.int-res.com/abstracts/meps/v621/p1-17/,Some supplemental information available | PARC number originally listed without the 0,NA,NA,2019,"Price, Nn; Muko, S; Legendre, L; Steneck, R; van Oppen, Mjh; Albright, R; Ang Jr, P; Carpenter, Rc; Chui, Apy; Fan, Ty; Gates, Rd; Harii, S; Kitano, H; Kurihara, H; Mitarai, S; Padilla-Gamiño, Jl; Sakai, K; Suzuki, G; Edmunds, Pj",Marine Ecology Progress Series,10.3354/meps12980,https://www.int-res.com/abstracts/meps/v621/p1-17/,2019-07-04,Mar. Ecol. Prog. Ser.
The Influence Of Habitat And Adults On The Spatial Distribution Of Juvenile Corals,PUBLISHED,6/16/2019,ASSIGNED,PARC-0150,UPLOADED,https://doi.org/doi: 10.1111/ecog.04520,http://dx.doi.org/10.5061/dryad.xxxxx,Some supporting information available,NA,NA,2019,"Pedersen, Nicole E.; Edwards, Clinton B.; Eynaud, Yoan; Gleason, Arthur C. R.; Smith, Jennifer E.; Sandin, Stuart A.",Ecography,10.1111/ecog.04520,https://onlinelibrary.wiley.com/doi/abs/10.1111/ecog.04520,2019-10,Ecography
Parasites In Marine Food Webs,PUBLISHED,May-20,ASSIGNED,PARC-0151,UPLOADED,https://oxford.universitypressscholarship.com/view/10.1093/oso/9780198821632.001.0001/oso-9780198821632-chapter-2,-,Book Chapter | PARC number originally listed without the 0,NA,NA,2020,"McLaughlin, John P; Morton, Dana N; Lafferty, Kevin D",Marine Disease Ecology,NA,https://oxford.universitypressscholarship.com/view/10.1093/oso/9780198821632.001.0001/oso-9780198821632-chapter-2,2020,NA
Impacts Of Rodent Eradication On Seed Predation And Plant Community Biomass On A Tropical Atoll,PUBLISHED,8/6/2020,ASSIGNED,PARC-0159,UPLOADED,https://doi.org/10.1111/btp.12864,-,-,NA,NA,2021,"Miller‐ter Kuile, Ana; Orr, Devyn; Bui, An; Dirzo, Rodolfo; Klope, Maggie; McCauley, Douglas; Motta, Carina; Young, Hillary",Biotropica,10.1111/btp.12864,https://onlinelibrary.wiley.com/doi/10.1111/btp.12864,2021-01,Biotropica
Effects Of Consumer Surface Sterilization On Diet Dna Metabarcoding Data Of Terrestrial Invertebrates In Natural Environments And Feeding Trials,PUBLISHED,8/9/2021,ASSIGNED,PARC-0160,UPLOADED,https://onlinelibrary.wiley.com/doi/10.1002/ece3.7968,https://onlinelibrary.wiley.com/doi/10.1002/ece3.7968,NA,NA,NA,2021,"Miller‐ter Kuile, Ana; Apigo, Austen; Young, Hillary S.",Ecology and Evolution,10.1002/ece3.7968,https://onlinelibrary.wiley.com/doi/10.1002/ece3.7968,2021-08-09,Ecol Evol
