TITLE,PUB_STATUS,PUB_DATE,PARC_STATUS,PARC_NUMBER,LIB_STATUS,PUB_LOCATION,DATA_LINK,COMMENTS
The trophic ecology of reef-building corals: the influence of resource availability on coral nutrition at multiple scales,-,-,UNLISTED,0,INCOMPLETE,-,-,-
"A phylogenomic examination of Palmyra Atoll’s
corallimorpharian invader",PUBLISHED,07/11/2021,UNLISTED,-,INCOMPLETE,https://doi.org/10.1007/s00338-021-02143-5,,PDF need to be added to the files folder in the Drive
An evaluation of the drivers of movement and foraging behaviors of tropical parrotfishes across management regimes and spatiotemporal scales,-,-,UNLISTED,-,INCOMPLETE,-,-,-
Bacterial coral pathogens of the genus Vibrio,-,-,UNLISTED,-,INCOMPLETE,-,,
Biological-physical interactions in Pacific coral reef ecosystems,-,-,UNLISTED,-,INCOMPLETE,-,-,
Biology and Ecology of the Recreational Bonefish Fishery at Palmyra Atoll National Wildlife Refuge with Comparisons to Other Pacific Islands,-,-,UNLISTED,-,INCOMPLETE,-,,
Coral reef resilience to climate change: insights from field measurements and models,-,-,UNLISTED,-,INCOMPLETE,-,,-
Ecological importance of large fishes,-,-,UNLISTED,-,INCOMPLETE,-,-,-
Ecophysiology of coral reef primary producers: Response to natural and anthropogenic environmental change,-,-,UNLISTED,-,INCOMPLETE,-,-,-
Effects of seabird derived subsidies on aquatic ecosystems,PUBLISHED,-,UNLISTED,-,UPLOADED,https://doi.org/10.1093/acprof:osobl/9780199735693.003.0008,-,-
"Encyclopedia of Modern Coral Reefs: Structure, Form and Process",PUBLISHED,-,UNLISTED,-,UPLOADED,https://doi.org/10.1007/978-90-481-2639-2,-,-
Factors affecting coral recruitment and calcium carbonate accretion rates on a Central Pacific coral reef,-,-,UNLISTED,-,INCOMPLETE,-,-,-
Field and modeling insights into carbon cycling in coastal marine ecosystems: understanding natural variability and preparing for the future,-,-,UNLISTED,-,INCOMPLETE,-,,
Global assessment of the status of coral reef herbivorous fishes: evidence from fishing effects,-,-,UNLISTED,-,INCOMPLETE,-,,
High frequency temperature variability reduces the risk of coral bleaching,-,-,UNLISTED,-,INCOMPLETE,https://doi.org/doi:10.1038/s41467-018-04074-2,,
Impacts of local and global stressors on benthic communities at Palmyra Atoll: investigating response to invasion and bleaching at multiple ecological scales,-,-,UNLISTED,-,INCOMPLETE,-,-,
"Invasion mechanisms of the corallimorph, Rhodactis howesii, at Palmyra Atoll",-,-,UNLISTED,-,INCOMPLETE,-,-,-
Invasive species removal and coral transplantation transform benthic community structure at a restoration site on Palmyra Atoll,-,-,UNLISTED,-,INCOMPLETE,-,-,-
Limitations to tree seedling recruitment at Palmyra Atoll,-,-,UNLISTED,-,INCOMPLETE,-,,
"Physical oceanography in coral reef environments: wave and mean flow dynamics at small and large scales, and resulting ecological implications",-,-,UNLISTED,-,INCOMPLETE,-,-,
"Prey release, trophic cascades, and phase shifts in tropical nearshore ecosystems",PUBLISHED,-,UNLISTED,-,UPLOADED,"https://books.google.com/books?hl=en&lr=&id=tjOT8KJ6mF8C&oi=fnd&pg=PA71&dq=.+Chapter+5:+Prey+release,+trophic+cascades,+and+phase+shifts+in+tropical+nearshore+marine+ecosystems&ots=swvDdvWeEE&sig=-zK9gskUjOnPjXVb42NWvmJOgJs#v=onepage&q=Chapter%205%3A%20Prey%20release%2C%20trophic%20cascades%2C%20and%20phase%20shifts%20in%20tropical%20nearshore%20marine%20ecosystems&f=false",-,Book
Quantifying life history demographics of the Scleractinian coral genus Pocillopora at Palmyra Atoll,-,-,UNLISTED,-,INCOMPLETE,-,-,
Resource availability drives large differences in the fine-scale spatial pattern of parrotfish herbivory on a coral reef,-,-,UNLISTED,-,INCOMPLETE,-,-,
The direct and indirect effects of predators on coral reef fish assemblages,-,-,UNLISTED,-,INCOMPLETE,-,-,-
"The ecology of sponges at Palmyra Atoll: variability, introduced species and their potential direct and indirect impacts",-,-,UNLISTED,-,INCOMPLETE,-,-,-
The food web for the sand flats at Palmyra Atoll,-,-,UNLISTED,-,INCOMPLETE,-,-,-
The life and death of perforate corals: micro-community structure within the skeleton,-,-,UNLISTED,-,INCOMPLETE,-,-,-
Tracking fish and fisheries for conservation and management,-,-,UNLISTED,-,INCOMPLETE,-,,-
Proximity to encroaching coconut palm limits native forest water use and persistence on a Pacific atoll,PUBLISHED,01/29/2015,UNLISTED,-,INCOMPLETE, DOI: 10.1002/eco.1601,,not added to Zotero
El Niño-Southern Oscillation and tropical Pacific climate during the last millennium,PUBLISHED,5/30/2003,ASSIGNED,PARC-0001,UPLOADED,https://doi.org/10.1038/nature01779,-,-
U/Th-dating living and young fossil corals from the central tropical Pacific,PUBLISHED,3/13/2003,ASSIGNED,PARC-0002,UPLOADED,https:/doi.org/10.1016/S0012-821X(03)00138-9,-,Some supporting information available
"Indirect effects of algae on coral: algae-mediated, microbe-induced coral mortality",PUBLISHED,4/26/2006,ASSIGNED,PARC-0003,UPLOADED,https://doi.org/10.1111/j.1461-0248.2006.00937.x,-,-
A divergent mtDNA lineage among Mesoplodon beaked whales: Molecular evidence for a new species in the tropical Pacific?,PUBLISHED,3/31/2007,ASSIGNED,PARC-0004,UPLOADED,http://doi.wiley.com/10.1111/j.1748-7692.2007.00143.x,-,"No clear link to data provided, some raw data held in unpublished files, others in DNA surveillance database"
High apex predator biomass on remote Pacific islands,PUBLISHED,10/10/2006,ASSIGNED,PARC-0005,UPLOADED,https://doi.org/10.1007/s00338-006-0158-x,-,-
Patterns of sponge biodiversity and abundance across different biogeographic regions,PUBLISHED,9/16/2008,ASSIGNED,PARC-0006,UPLOADED,https://doi.org/10.1007/s00227-008-1036-6,-,-
"The recent carbonate sediments of Palmyra Atoll, Northern Line Islands, Central Pacific Ocean",DISSERTATION,-,ASSIGNED,PARC-0007,UPLOADED,http://hdl.handle.net/10063/1001,-,Information sheet to PARC
"Differences in fish-assemblage structure between fished and unfished atolls in the northern Line Islands, central Pacific",PUBLISHED,8/18/2008,ASSIGNED,PARC-0008,UPLOADED,https://doi.org/10.3354/meps07501,-,Previous title: Predation effects revisited: structure of shallow-reef fish assemblages along an exploitation gradient in the northern Line Islands.
Microbial ecology of four coral atolls in the northern Line Island,PUBLISHED,2/27/2008,ASSIGNED,PARC-0009,UPLOADED,https://doi.org/10.1371/journal.pone.0001584,http://www.theseed. org/DinsdaleSupplementalMaterial/,"""All metagenomic data is held at http://scums.sdsu.edu.au, an open access website. Data are being released through SEED platform (http://www.theseed.org) and GenBank short read database. SEED accession numbers: Kingman microbial-4440037.3, Palmyra microbial-4440039.3, Tabuaeran microbial–4440279.3, Kiritimati microbial–4440041.3, Kingman viral-4440036.3, Palmyra viral-4440040.3, Tabuaeran viral4440280.3 and Kiritimati viral -4440038.3. Genbank accession numbers: Kingman microbial-28343, Palmyra microbial-28363, Tabuaeran microbial–28367, Kiritimati microbial–28347, Kingman viral-28345, Palmyra viral-28365, Tabuaeran viral-28369 and Kiritimati viral-28349. Direct access to data from these metagenomes is available at http://www.theseed.org/DinsdaleSupplementalMaterial/."""
"Aspects of the biology, ecology, and recreational fishery for bonefish at Palmyra Atoll National Wildlife Refuge, with comparisons to other Pacific Islands",-,-,ASSIGNED,PARC-0010,INCOMPLETE,-,,
"Shifting baselines, local impacts, and global change on coral reefs",PUBLISHED,2/26/2008,ASSIGNED,PARC-0011,UPLOADED,https://dx.plos.org/10.1371/journal.pbio.0060054,-,Library info not verified
Reef fishes have higher parasite richness at unfished Palmyra Atoll compared to fished Kiritimati Island,PUBLISHED,10/10/2008,ASSIGNED,PARC-0012,UPLOADED,https://doi.org/10.1007/s10393-008-0196-7,-,Library info not verified
"US Coral Reefs in the Line and Phoenix Islands, Central Pacific Ocean: Status, Threats and Significance",PUBLISHED,-,ASSIGNED,PARC-0013,UPLOADED,http://link.springer.com/10.1007/978-1-4020-6847-8_16,-,Book chapter
"US Coral Reefs in the Line and Phoenix Islands, Central Pacific Ocean: History, Geology, Oceanography, and Biology",PUBLISHED,-,ASSIGNED,PARC-0014,UPLOADED,http://link.springer.com/10.1007/978-1-4020-6847-8_15,-,Library info not verified
"Movement patterns, foraging ecology and digestive physiology of blacktip reef sharks, Carcharhinus melanopterus, at Palmyra Atoll: a predator dominated ecosystem",DISSERTATION,12/1/2008,ASSIGNED,PARC-0015,UPLOADED,https://nsgl.gso.uri.edu/hawau/hawauy08003.pdf,-,-
Baselines and degradation of coral reefs in the northern Line Islands,PUBLISHED,1/9/2008,ASSIGNED,PARC-0016,UPLOADED,https://dx.plos.org/10.1371/journal.pone.0001548,https://dx.plos.org/10.1371/journal.pone.0001548,Supplemental data links given on web page and in pdf
"Coral disease at Palmyra Atoll, a remote reef system in the Central Pacific",PUBLISHED,10/3/2007,ASSIGNED,PARC-0017,UPLOADED,https://link.springer.com/article/10.1007%2Fs00338-007-0314-y,-,-
Characterization of the coral communities at Palmyra Atoll in the remote Central Pacific Ocean,PUBLISHED,6/6/2008,ASSIGNED,PARC-0018,UPLOADED,https://repository.si.edu/handle/10088/6797,-,-
Phase shift from a coral to a corallimorph-dominated reef associated with a shipwreck on Palmyra Atoll,PUBLISHED,8/20/2008,ASSIGNED,PARC-0019,UPLOADED,https://doi.org/10.1371/journal.pone.0002989,-,-
"Polydactyly in the central pacific gecko, Lepidodactylus sp. (Squamata: Gekkonidae)",PUBLISHED,12/24/2009,ASSIGNED,PARC-0020,UPLOADED,https://pubs.er.usgs.gov/publication/70035219,-,"Manuscript describing discovery of a single polydactic specimen. Geographic sampling, species information, and date of discovery are included in the paper"
Species Identification and Measurement of Activity in Odontocete Species of Palmyra Atoll by Acoustic Monitoring,PUBLISHED,6/30/2009,ASSIGNED,PARC-0021,UPLOADED,http://asa.scitation.org/doi/10.1121/1.2932958,-, Doctor rerum naturalium. (equivalent to Ph.D.) Dissertation. | Some supporting information available
"Behavior of melon-headed whales, Peponocephala electra, near oceanic islands",PUBLISHED,12/3/2008,ASSIGNED,PARC-0022,UPLOADED,http://doi.wiley.com/10.1111/j.1748-7692.2009.00281.x,-,-
Line Islands,PUBLISHED,-,ASSIGNED,PARC-0023,UPLOADED,http://www.jstor.org/stable/10.1525/j.ctt1pn90r.131,-,Encyclopedia entry
Application of the littoral cell concept to managing a protected atoll: Palmyra Atoll National Wildlife Reserve,PUBLISHED,10/27/2019,ASSIGNED,PARC-0024,UPLOADED,https://doi.org/doi:10.1016/j.ocecoaman.2009.10.007,-,No data availability reported
Shoreline changes and natural sediment redistribution at Palmyra Atoll (Equatorial Pacific Ocean): 1874-presen,PUBLISHED,4/17/2008,ASSIGNED,PARC-0025,UPLOADED,https://doi.org/10.2112/08-1007.1,-,Library info not verified
Distributions of stress-resistant coral symbionts match environmental patterns at local but not regional scales,PUBLISHED,3/12/2009,ASSIGNED,PARC-0026,UPLOADED,https://doi.org/ 10.3354/meps07871,-,-
Cascading behavioral effects of fishing on coral reefs,DISSERTATION,9/4/2009,ASSIGNED,PARC-0027,UPLOADED,https://search.proquest.com/docview/304855131?accountid=14522,-,-
"Distribution, size frequency, and sex ratios of blacktip reef sharks Carcharhinus melanopterus at Palmyra Atoll: a predator-dominated ecosystem",PUBLISHED,4/23/2009,ASSIGNED,PARC-0028,UPLOADED,http://doi.org/10.1111/j.1095-8649.2009.02329.x,-,-
Scale-dependent effects of habitat on movements and path structure of reef sharks at a predator-dominated ecosystem,PUBLISHED,7/23/2008,ASSIGNED,PARC-0029,UPLOADED,https://www.ncbi.nlm.nih.gov/pubmed/19449694,https://www.ncbi.nlm.nih.gov/pubmed/19449694,Library info not verified
"Distribution, abundance, and microhabitat characterization of small juvenile corals at Palmyra Atoll",PUBLISHED,2/11/2009,ASSIGNED,PARC-0030,UPLOADED,http://www.int-res.com/abstracts/meps/v376/p133-142/,-,-
Stomach nematodes (Mastophorus muris) in rats (Rattus rattus) are associated with coconut (Cocos nucifera) habitat at Palmyra Atoll,PUBLISHED,9/17/2009,ASSIGNED,PARC-0031,UPLOADED,https://doi.org/10.1645/GE-2180.1,-,"Cannot find record of this paper on G. Scholar, no pdf uploaded"
"An observation of mating in free-ranging blacktip reef sharks, Carcharhinus melanopterus",PUBLISHED,4/10/2009,ASSIGNED,PARC-0032,UPLOADED,http://www.bioone.org/doi/10.2984/64.2.349,-,No relevant supplementary data (observation report)
Long term movement patterns and trophic ecology of blacktip reef sharks (Carcharhinus melanopterus) at Palmyra Atoll,PUBLISHED,2/9/2010,ASSIGNED,PARC-0033,UPLOADED,http://dx.doi.org/10.1016/j.jembe.2010.02.009,http://dx.doi.org/10.1016/j.jembe.2010.02.009,Some supporting information noted as available
"Chapter 5: Prey release, trophic cascades, and phase shifts in tropical nearshore marine ecosystems",PUBLISHED,-,ASSIGNED,PARC-0034,UPLOADED,"https://books.google.com/books?hl=en&lr=&id=tjOT8KJ6mF8C&oi=fnd&pg=PA71&dq=.+Chapter+5:+Prey+release,+trophic+cascades,+and+phase+shifts+in+tropical+nearshore+marine+ecosystems&ots=swvDdvWeEE&sig=-zK9gskUjOnPjXVb42NWvmJOgJs#v=onepage&q=Chapter%205%3A%20Prey%20release%2C%20trophic%20cascades%2C%20and%20phase%20shifts%20in%20tropical%20nearshore%20marine%20ecosystems&f=false",-,"Book: Trophic Cascades: Predators, Prey, and the Changing Dynamics of Nature"
"Persistence of corals in marginal habitats: the role of the environment, and symbiont diversity and ecophysiology",DISSERTATION,-,ASSIGNED,PARC-0035,UPLOADED,http://researcharchive.vuw.ac.nz/handle/10063/1210,-,-
Cascading effects of a plant community shift across ecosystem boundaries,DISSERTATION,May-10,ASSIGNED,PARC-0036,UPLOADED,https://purl.stanford.edu/vw007np9389,-,-
Resource partitioning by species but not sex in sympatric boobies in the Central Pacific Ocean,PUBLISHED,3/22/2010,ASSIGNED,PARC-0037,UPLOADED,https://doi.org/10.3354/meps08478,,Some supporting information available
Plants cause ecosystem nutrient depletion via the interruption of bird-derived spatial subsidies,PUBLISHED,2/2/2010,ASSIGNED,PARC-0038,UPLOADED,http://www.pnas.org/cgi/doi/10.1073/pnas.0914169107,-,-
Echolocation signals of a mesoplodont beaked whale at Palmyra Atoll,PUBLISHED,3/30/2010,ASSIGNED,PARC-0039,UPLOADED,https://doi.org/10.1121/1.3409478,-,-
"Effect of depth on sponge assemblage structure at Palmyra Atoll, Central Pacific",PUBLISHED,1/5/2010,ASSIGNED,PARC-0040,UPLOADED,http://benthamopen.com/ABSTRACT/TOMBJ-4-26,-,-
"Seabird Islands:  Ecology, Invasion and Restoration",-,-,ASSIGNED,PARC-0041,UPLOADED,-,-,Some supporting information available | PARC number originally listed without the 0
Effects of seabirds on island consumers,PUBLISHED,-,ASSIGNED,PARC-0042,UPLOADED,https://doi.org10.1093/acprof:osobl/9780199735693.003.0007,-,-
Impacts of seabirds on plant and soil properties,PUBLISHED,-,ASSIGNED,PARC-0043,UPLOADED,https://doi.org/10.1093/acprof:osobl/9780199735693.003.0005,-,Chapter from a book
Modeling patterns of coral bleaching at a remote Central Pacific atoll,PUBLISHED,6/11/2010,ASSIGNED,PARC-0044,UPLOADED,http://dx.doi.org/10.1016/j.marpolbul.2010.05.009,-,-
"Abundance, diversity, and activity of microbial assemblages associated with coral reef fish guts and feces",PUBLISHED,3/9/2010,ASSIGNED,PARC-0045,UPLOADED,https://academic.oup.com/femsec/article-lookup/doi/10.1111/j.1574-6941.2010.00879.x,http://www.dna-surveillance.auckland.ac.nz/,"PARC number originally listed without the 0 | Previous title: Coral reef fish feces and gut associated microbial assemblages | All 16S rRNA gene sequences derived from this study
were submitted to the GenBank database. Accession numbers are FJ653927–FJ653974 for sequences derived from
A. nigricans, FJ653975–FJ654018 for C. sordidus, FJ654019–
FJ654062 for L. bohar, and FJ654063–FJ654065 for milkfish."
Spatial patterns of the structure of reef fish assemblages at a pristine atoll in the central Pacific,PUBLISHED,7/14/2010,ASSIGNED,PARC-0046,UPLOADED,https://doi.org/10.3354/meps08634,-,Library info not verified
Field evidence for pervasive indirect effects of fishing on prey foraging behavior,PUBLISHED,4/22/2010,ASSIGNED,PARC-0047,UPLOADED,https://www.ncbi.nlm.nih.gov/pubmed/21302828,https://www.ncbi.nlm.nih.gov/pubmed/21302828 ,Some supplementary information available
Uranium-series dating and growth characteristics of the deep-sea scleractinian coral: Enallopsammia rostrata from the Equatorial Pacific,PUBLISHED,1/20/2010,ASSIGNED,PARC-0048,UPLOADED,http://dx.doi.org/10.1016/j.gca.2010.01.017,-,Some supporting information available
Late 20th century warming and freshening in the central tropical Pacific,PUBLISHED,11/12/2009,ASSIGNED,PARC-0049,UPLOADED,https://doi.org/doi:10.1029/2009GLO40270,-,-
Acute effects of removing large fish from a near-pristine coral reef,PUBLISHED,8/11/2010,ASSIGNED,PARC-0050,UPLOADED,http://link.springer.com/10.1007/s00227-010-1533-2,-,Supplemental data not found
Niche partitioning among and within sympatric tropical seabirds revealed by stable isotope analysis,PUBLISHED,10/14/2010,ASSIGNED,PARC-0051,UPLOADED,https://doi.org/10.3354/meps08756,-,-
"The coconut palm, Cocos nucifera, impacts forest composition and soil characteristics at Palmya Atoll, Central Pacific Ocean",PUBLISHED,8/13/2010,ASSIGNED,PARC-0052,UPLOADED,https://doi.org/ 10.1111/j.1654-1103.2010.01219.x,https://doi.org/ 10.1111/j.1654-1103.2010.01219.x,Library info not verified
Human impacts on the species-area relationship in reef fish assemblages,PUBLISHED,5/30/2007,ASSIGNED,PARC-0053,UPLOADED,https://doi.org/10.1111/j.1461-0248.2007.01076.x,http://www.blackwell-synergy.com/doi/full/10.1111/,Some supporting information available
Biosecurity Plan for Palmyra Atoll,PUBLISHED,-,ASSIGNED,PARC-0054,UPLOADED,https://pubs.usgs.gov/of/2010/1097/,-,-
Coral disease and the environment in the Pacific Ocean,DISSERTATION,1/1/2010,ASSIGNED,PARC-0055,UPLOADED,http://researcharchive.vuw.ac.nz/handle/10063/1564,-,"Published 2010, no exact date | Contains a pdf of ""Williams, Gareth J., et al. “Modeling Patterns of Coral Bleaching at a Remote Central Pacific Atoll.” Marine Pollution Bulletin, vol. 60, no. 9, Sept. 2010, pp. 1467–76. DOI.org (Crossref), doi:10.1016/j.marpolbul.2010.05.009."", ""Williams, Gareth J., et al. “Predictive Modeling of Coral Disease Distribution within a Reef System.” PLoS One, vol. 5, no. 2, Feb. 2010, p. e9264, doi:10.1371/journal.pone.0009264. 20174663."", ""Williams, Gareth J., et al. “Gross and Microscopic Morphology of Lesions in Cnidaria from Palmyra Atoll, Central Pacific.” Journal of Invertebrate Pathology, vol. 106, no. 2, Feb. 2011, pp. 165–73. DOI.org (Crossref), doi:10.1016/j.jip.2010.08.002."", ""Aeby, Greta S., et al. “Growth Anomalies on the Coral Genera Acropora and Porites Are Strongly Associated with Host Density and Human Population Size across the Indo-Pacific.” PLoS ONE, edited by Christian Voolstra, vol. 6, no. 2, Feb. 2011, p. e16887. DOI.org (Crossref), doi:10.1371/journal.pone.0016887."", ""Williams, G. J., et al. “Coral Disease at Palmyra Atoll, a Remote Reef System in the Central Pacific.” Coral Reefs, vol. 27, no. 1, Mar. 2008, pp. 207–207. DOI.org (Crossref), doi:10.1007/s00338-007-0314-y."""
"The atmospheric lead record preserved in lagoon sediments at a remote equatorial Pacific location: Palmyra Atoll, northern Line Islands",PUBLISHED,11/20/2010,ASSIGNED,PARC-0056,UPLOADED,http://dx.doi.org/10.1016/j.marpolbul.2010.11.004,-,Management report
"Near-surface mixing and pronounced deep-water stratification in a compartmentalized, human-disturbed atoll lagoon system",PUBLISHED,12/14/2010,ASSIGNED,PARC-0057,UPLOADED,https://doi.org/10.1007/s00338-010-0701-7,-,PARC number originally listed without the 0
Terrestrial forest management plan for Palmyra Atoll,PUBLISHED,-,ASSIGNED,PARC-0058,UPLOADED,-,-,Library info not verified
Pacific Coral Reefs: An Introduction,PUBLISHED,-,ASSIGNED,PARC-0059,UPLOADED,https://link.springer.com/referencework/10.1007%2F978-90-481-2639-2,-,Book
"Spatial and temporal patterns of scleractinian coral, soft coral and zoanthid disease on a remote near-pristine coral reef",PUBLISHED,4/6/2011,ASSIGNED,PARC-0060,UPLOADED,https://doi.org/10.2112/08-1007.1,-,Library info not verified
"Gross and microscopic morphology of lesions in Cnidaria from Palmyra Atoll, Central Pacific",PUBLISHED,8/13/2010,ASSIGNED,PARC-0061,UPLOADED,http://dx.doi.org/10.1016/j.jip.2010.08.002,-,-
Records of non-indigenous marine species at Palmyra Atoll in the U.S. Line Islands,PUBLISHED,12/21/2010,ASSIGNED,PARC-0062,UPLOADED,https://doi.org/10.1017/S1755267211000078,-,Library info not verified
Growth Anomalies on the Coral Genera Acropora and Porites Are Strongly Associated with Host Density and Human Population Size across the Indo-Pacific,PUBLISHED,2/18/2011,ASSIGNED,PARC-0063,UPLOADED,https://journals.plos.org/plosone/article?id=10.1371/journal.pone.0016887,https://journals.plos.org/plosone/article?id=10.1371/journal.pone.0016887,Data collected by authors and sourced from outside institutions/groups - supporting information accessible via plosone link
Radiocarbon and stable isotopes in Palmyra corals during the past century,PUBLISHED,3/1/2012,ASSIGNED,PARC-0064,UPLOADED,http://dx.doi.org/10.1016/j.gca.2010.11.028,-,Library info not verified
Decadal timescale shift in the 14C record of a central equatorial Pacific coral,PUBLISHED,7/18/2016,ASSIGNED,PARC-0065,UPLOADED,https://www.cambridge.org/core/journals/radiocarbon/article/decadal-timescale-shift-in-the-14c-record-of-a-central-equatorial-pacific-coral/731955FE06B5399EBE85E44652260162,-,-
Extreme longevity in proteinaceous deep-sea corals,PUBLISHED,3/31/2009,ASSIGNED,PARC-0066,UPLOADED,http://www.pnas.orgcgidoi10.1073pnas.0810875106%20roa/,www.pnas.org/cgi/content/full/ 0810875106/DCSupplemental,Some information available at supplementary link
Effects of diagenesis on paleoclimate: Reconstructions from modern and young fossil corals,PUBLISHED,8/25/2011,ASSIGNED,PARC-0067,UPLOADED,https://doi.org/10.1016/j.gca.2011.08.026,-,-
Differential responses to guano fertilization among tropical tree species with varying functional traits,PUBLISHED,12/6/2010,ASSIGNED,PARC-0068,UPLOADED,http://doi.org/10.3732/ajb.1000159 ,-,-
"Examination of algal diversity and benthic community structure at Palmyra Atoll, U.S. Line Islands",PUBLISHED,-,ASSIGNED,PARC-0069,UPLOADED,https://www.researchgate.net/publication/250306623,-,"Unconfirmed link, needs a link in Zotero as well"
"Arthropod surveys on Palmyra Atoll, Line Islands, and insights into the decline of the natirve tree Pisonia grandis (Nyctaginaceae)",PUBLISHED,1/7/2007,ASSIGNED,PARC-0070,UPLOADED,http://www.bioone.org/doi/abs/10.2984/1534-6188%282007%2961%5B485%3AASOPAL%5D2.0.CO%3B2,-,Need link and pdf
Coral records of central tropical Pacific radiocarbon variability during the last millennium,PUBLISHED,6/7/2010,ASSIGNED,PARC-0071,UPLOADED,https://doi.org/doi:10.1029/2009PA001788,-,-
"Outbreak of Acropora white syndrome following a mild bleaching event at Palmyra Atoll, Northern Line Islands, Central Pacific",PUBLISHED,4/30/2011,ASSIGNED,PARC-0072,UPLOADED,https://doi.org/10.1007/s00338-011-0762-2,-,Some supporting information available
Proximate environmental drivers of coral communities at Palmyra Atoll: establishing baselines prior to removing a WWII military causeway,PUBLISHED,5/31/2011,ASSIGNED,PARC-0073,UPLOADED,http://dx.doi.org/10.1016/j.marpolbul.2011.05.002,-,Library info not verified
Fishing indirectly structures macroalgal assemblages by altering herbivore behavior,PUBLISHED,10/20/2010,ASSIGNED,PARC-0074,UPLOADED,https://doi.org/10.1086/657039,-,-
"Predators, facilitators, or both?  Re-evaluating an apparent predator-prey interaction",PUBLISHED,6/9/2011,ASSIGNED,PARC-0075,UPLOADED,https://doi.org/10.3354/meps09162,-,-
Evaluating the performance of methods for estimating the abundance of rapidly declining coastal shark populations,PUBLISHED,9/9/2011,ASSIGNED,PARC-0076,UPLOADED,http://doi.wiley.com/10.1890/11-1059.1,http://doi.wiley.com/10.1890/11-1059.1,Code and methods available
Species-specific consequences of ocean acidification for the calcareous tropical green algae Halimeda,PUBLISHED,10/28/2011,ASSIGNED,PARC-0077,UPLOADED,https://doi.org/10.3354/meps09309,-,Library info not verified
Analyses of DNA obtained from shells and brine-preserved meat: giant clams (Tridacna maxima) from the central Pacific Ocean,PUBLISHED,1/25/2012,ASSIGNED,PARC-0078,UPLOADED,http://www.int-res.com/abstracts/meps/v453/p297-301/,-,No data availability reported
High-frequency dynamics of ocean pH: a multi-ecosystem comparison,PUBLISHED,12/19/2011,ASSIGNED,PARC-0079,UPLOADED,https://doi.org/10.1371/journal.pone.0028983,-,-
Predictive modeling of coral disease distribution within a reef system,PUBLISHED,2/17/2010,ASSIGNED,PARC-0080,UPLOADED,https://doi.org/doi:10.1371/journal.pone.0009264,-,-
Assessing the effects of large mobile predators on ecosystem connectivity,PUBLISHED,4/23/2012,ASSIGNED,PARC-0081,UPLOADED,http://doi.wiley.com/10.1890/11-1653.1,https://esajournals.onlinelibrary.wiley.com/doi/full/10.1890/11-1653.1,-
Night shift: expansion of temporal niche use following reductions in predator density,PUBLISHED,6/13/2012,ASSIGNED,PARC-0082,UPLOADED,https://doi.org/doi:10.1371/journal.pone.0038871 ,https://doi.org/doi:10.1371/journal.pone.0038871 ,Some supporting information available
"Area restricted searching in manta rays, and their response to spatial scale in lagoon habitats",PUBLISHED,3/13/2012,ASSIGNED,PARC-0083,UPLOADED,http://www.int-res.com/abstracts/meps/v456/p233-244/,-,Data held in other papers or unpublished
Diel variability in seawater pH relates to calcification and benthic community structure on coral reefs,PUBLISHED,8/28/2012,ASSIGNED,PARC-0084,UPLOADED,https://journals.plos.org/plosone/article?id=10.1371/journal.pone.0043843#s5,https://journals.plos.org/plosone/article?id=10.1371/journal.pone.0043843#s5,PARC number originally listed without the 0
The Palmyra Atoll Research Consortium,PUBLISHED,-,ASSIGNED,PARC-0085,UPLOADED,-,-,Dryad repository location listed | PARC number originally listed without the 0
Effects of spatial subsidies and habitat structure on the foraging ecology and size of geckos,PUBLISHED,8/10/2012,ASSIGNED,PARC-0086,UPLOADED,https://doi.org/doi:10.1371/journal.pone.0041364,https://doi.org/doi:10.1371/journal.pone.0041364,"Some data info at paper source link, raw data on AMtK GitHub"
Restriction of sponges to an atoll lagoon as a result of reduced environmental quality,PUBLISHED,11/24/2012,ASSIGNED,PARC-0087,UPLOADED,http://dx.doi.org/10.1016/j.marpolbul.2012.08.017,-,"Library info not verified | Previous title: Environmental drivers of sponge diversity, cover and assemblage composition in the lagoons at Palmyra Atoll, Central Pacific"
Ecology and Conservation of Marine Turtles in a Foraging Ground in the Central Pacific,PUBLISHED,-,ASSIGNED,PARC-0088,UPLOADED,http://www.bioone.org/doi/full/10.2744/CCB-1014.1,-,-
Using stable isotope analyses to assess the foraging habits of Palmyra Atoll green turtles (Chelonia mydas),DISSERTATION,-,ASSIGNED,PARC-0089,UPLOADED,-,-,Some supporting information available
Stable isotopes in turtle epibionts as a tool to understand green turtle (Chelonia mydas) regional movement patterns,-,-,ASSIGNED,PARC-0090,UPLOADED,-,-,Some supporting information available
The roles of productivity and ecosystem size in determining food-chain length in tropical terrestrial ecosystems,PUBLISHED,10/22/2012,ASSIGNED,PARC-0091,UPLOADED,https://pubmed.ncbi.nlm.nih.gov/23687895/,https://pubmed.ncbi.nlm.nih.gov/23687895/,"Does not appear to be the completed version, some comments are visible | MSc Dissertation"
Consumer preference for seeds and seedlings of rare species impacts tree diversity at multiple scales,PUBLISHED,11/16/2012,ASSIGNED,PARC-0092,UPLOADED,https://link.springer.com/article/10.1007%2Fs00442-012-2542-2#SecESM1,https://link.springer.com/article/10.1007%2Fs00442-012-2542-2#SecESM1,-
"Digenean metacercariae of fishes from the lagoon flats of Palmyra Atoll, Eastern Indo-Pacific",PUBLISHED,1/5/2012,ASSIGNED,PARC-0093,UPLOADED,https://doi.org/10.1017/S0022149X11000526,-,-
Wide distributional range of marine sponges along the Pacific Ocean,PUBLISHED,5/14/2013,ASSIGNED,PARC-0094,UPLOADED,https://doi.org/10.1080/17451000.2013.765581,-,Some supporting information available
"Benthic communities at two remote Pacific coral reefs: effects of reef habitat, depth, and wave energy gradients on spatial patterns",PUBLISHED,5/12/2013,ASSIGNED,PARC-0095,UPLOADED,https://www.ncbi.nlm.nih.gov/pubmed/23734341,https://doi.org/10.7717/peerj.81,-
Conservation at the edges of the world,PUBLISHED,5/21/2013,ASSIGNED,PARC-0096,UPLOADED,https://www.sciencedirect.com/science/article/pii/S0006320713001766?casa_token=iQV4vhQQdOIAAAAA:KbR8tOmkrfzB0-6FEMSYPYea1UMyuZmeFdICNSitKhCJOHYWzjndHi6HXfkolhbxWBWdZB5kHu68,-,Overview of conservation strategies rather than direct sampling
Contrasting recovery following removal of growth anomalies in the corals Acropora and Montipora,PUBLISHED,10/11/2013,ASSIGNED,PARC-0097,UPLOADED,https://www.ncbi.nlm.nih.gov/pubmed/24113251,-,-
Ocean warming and acidification have complex interactive effects on the dynamics of a marine fungal disease,PUBLISHED,12/17/2013,ASSIGNED,PARC-0098,UPLOADED,http://dx.doi.org/10.1098/rspb.2013.3069,http://dx.doi.org/10.1098/rspb.2013.3069,-
"Predicting connectivity of green turtles at Palmyra Atoll, Central Pacific: A focus on mtDNA and dispersal modeling",PUBLISHED,1/2/2014,ASSIGNED,PARC-0099,UPLOADED,http://dx.doi.org/10.1098/rsif.2013.0888,http://dx.doi.org/10.1098/rsif.2013.0888,Some supporting information available
Distant storms as drivers of environmental change at Pacific atolls,PUBLISHED,1/31/2014,ASSIGNED,PARC-0100,UPLOADED,https://doi.org/10.1371/journal.pone.0087971,http://www.palmyraresearch.org/,Exact data link not provided
"Quantifying patterns of fish herbivory on Palmyra Atoll (USA), an uninhabited predator-dominated central Pacific coral reef",PUBLISHED,3/31/2014,ASSIGNED,PARC-0101,UPLOADED,https://doi.org/10.3354/meps10684,-,-
Differential plant damage due to litterfall in palm-dominated forest stands in a Central Pacific atoll,PUBLISHED,3/13/2014,ASSIGNED,PARC-0102,UPLOADED,http://dx.doi.org/10.1017/S026646741400008X ,-,-
"Conservation management options and actions: Putative decline of coral cover at Palmyra Atoll, Northern Line Islands, as a case study",PUBLISHED,6/2/2014,ASSIGNED,PARC-0103,UPLOADED,https://linkinghub.elsevier.com/retrieve/pii/S0025326X14002914,-,"Raw data is listed as available at palmyraresearch.org, however that URL is an invalid domain and is not linked to a website"
Reliance of mobile species on sensitive habitats: A case study of manta rays (Manta alfredi) and lagoons,PUBLISHED,6/26/2014,ASSIGNED,PARC-0104,UPLOADED,https://doi.org/10.1007/s00227-014-2478-7,-,Library info not verified
Positive and Negative Effects of a Threatened Parrotfish on Reef Ecosystems,PUBLISHED,1/11/2014,ASSIGNED,PARC-0105,UPLOADED,https://doi.org/doi:10.1111/cobi.12314,https://doi.org/doi:10.1111/cobi.12314,Some supporting information available
"New Records of Hyachelia tortugae Barnard, 1967 and H. lowryi Serejo and Sittrop, 2009 (Amphipoda: Gammaridea: Hyalidae) from Palmyra Atoll National Wildlife Refuge: Co-occurrence on Pacific Green Turtles (Chelonia mydas). American Museum Novitates. {PARC- 0106}.",PUBLISHED,7/30/2014,ASSIGNED,PARC-0106,UPLOADED,http://www.bioone.org/doi/full/10.1206/3809.1,-,-
Fishing drives declines in fish parasite diversity and has variable effects on parasite abundance,PUBLISHED,12/10/2013,ASSIGNED,PARC-0107,UPLOADED,http://doi.org/doi:10.1890/13-1270.1,http://doi.org/doi:10.1890/13-1270.1,Some supplementary info available
Potential impacts of historical disturbance on green turtle health in the unique and protected marine ecosystem of Palmyra Atoll (Central Pacific),PUBLISHED,10/23/2014,ASSIGNED,PARC-0108,UPLOADED,https://dx.doi.org/10.1016/j.marpolbul.2014.10.012,-,PARC number originally listed without the 0
Environmental and ecological controls of coral community metabolism on Palmyra Atoll,PUBLISHED,9/27/2014,ASSIGNED,PARC-0109,UPLOADED,https://doi.org/10.1007/s00338-014-1217-3,https://doi.org/10.1007/s00338-014-1217-3,Some information notes as available
"First records of the sicklefin lemon shark, Negaprion acutidens, at Palmyra Atoll, central Pacific: a recent colonization event ",PUBLISHED,9/23/2014,ASSIGNED,PARC-0110,UPLOADED,https://doi.org/doi:10.1017/S175526721400116X; e114,-,All mentioned observations have data provided in the paper itself
Benthic processes and overlying fish assemblages drive the composition of benthic detritus on a central Pacific coral reef,PUBLISHED,1/14/2013,ASSIGNED,PARC-0111,UPLOADED,https://doi.org/10.3354/meps10259,http://www.int-res.com/articles/suppl/m482p181_supp.pdf,"Library info not verified |   NOTE: 0111 did not exist, assigned to this reference (also not included) in Dec. 2019 by kdk"
Umbrella species in marine systems: using the endangered humphead wrasse to conserve coral reefs,PUBLISHED,4/29/2015,ASSIGNED,PARC-0112,UPLOADED,https://doi.org/10.3354/esr00663,http://www.int-res.com/articles/suppl/n027p251_supp.pdf,Library info not verified
Field Observations of Wave-Driven Circulation over Spur and Groove Formations on a Coral Reef,PUBLISHED,1/21/2015,ASSIGNED,PARC-0113,UPLOADED,"https://doi.org/10.1002/
2014JC010464",-,-
Coral reef benthic regimes exhibit non-linear threshold responses to natural physical drivers,PUBLISHED,3/2/2015,ASSIGNED,PARC-0114,UPLOADED,https://doi.org/10.3354/meps11118,-,-
"Drivers of Daily Routines in an Ectothermic Marine Predator: Hunt Warm, Rest Warmer?",PUBLISHED,6/10/2015,ASSIGNED,PARC-0115,UPLOADED,https://doi.org/doi:10.1371/journal.pone.0127807,https://doi/org/10.1371/journal.pone.0127807,Raw data noted as available in supporting information files
Frictional wave dissipation on a remarkably rough reef,PUBLISHED,5/23/2015,ASSIGNED,PARC-0116,UPLOADED,https://doi.org/doi:10.1002/2015GL063804,https://doi.org/doi:10.1002/2015GL063804,Some supporting information available
Temporal dynamics and persistence of sponge assemblages in a Central Pacific atoll lagoon,PUBLISHED,6/6/2015,ASSIGNED,PARC-0117,UPLOADED,https://doi.org/doi:10.1111/maec.12303,-,Library info not verified
"Cryptic species obscure introduction pathway of the blue Caribbean sponge (Haliclona (Soestella) caerulea), (order: Haplosclerida) to Palmyra Atoll, Central Pacific",PUBLISHED,8/6/2015,ASSIGNED,PARC-0118,UPLOADED,https://doi.org/10.7717/peerj.1170,https://peerj.com/articles/1170/#supplemental-information,-
Stable isotopes in barnacles as a tool to understand green sea turtle (Chelonia mydas) regional movement patterns,PUBLISHED,12/8/2015,ASSIGNED,PARC-0119,UPLOADED,https://doi.org/doi:10.5194/bgd-12-4655-2015,http://dx.doi.org/10.5194/bg-12-7081-2015-supplement,Some supporting information available
Wave dynamics of a pacific atoll with high frictional effects,PUBLISHED,1/11/2016,ASSIGNED,PARC-0120,UPLOADED,http://dx.doi.org/10.1002/2015JC011170,http://dx.doi.org/10.1002/2015JC011170,Library info not verified
Ecology of a vulnerable shorebird across a gradient of habitat alteration: Bristle-thighed Curlews (Numenius tahitiensis) (Aves: Charadriiformes) on Palmyra Atoll,PUBLISHED,10/16/2015,ASSIGNED,PARC-0121,UPLOADED,https://doi.org/10.2984/70.2.3,http://www.Bio One.org/,Check Bio One paper site for supplemental info
Stable isotope analysis as an early monitoring tool for community-scale effects of rat eradication,PUBLISHED,3/1/2017,ASSIGNED,PARC-0122,UPLOADED,https://doi.org/10.1111/rec.12511,http://onlinelibrary.wiley.com/doi/10.1111/rec.12511/suppinfo,PARC number originally listed without the 0
Use of high-resolution acoustic cameras to study reef shark behavioral ecology,PUBLISHED,6/1/2016,ASSIGNED,PARC-0123,UPLOADED,https://linkinghub.elsevier.com/retrieve/pii/S0022098116300855,http://dx.doi.org/10.1016/j.jembe.2016.04.012,Book chapter
Thermodynamics and hydrodynamics in an atoll reef system and their influence on coral cover,PUBLISHED,6/13/2016,ASSIGNED,PARC-0124,UPLOADED,https://doi.org/ doi:10.1002/lno.10365,https://doi.org/ doi:10.1002/lno.10365,Some supporting information available
Large-area imaging reveals biologically driven non-random spatial patterns of corals at a remote reef,PUBLISHED,10/12/2017,ASSIGNED,PARC-0125,UPLOADED,https://doi.org/10.1007/s00338-017-1624-3,-,PARC number originally listed without the 0
Cascading community and ecosystem consequences of introduced palms in Pacific Islands,PUBLISHED,12/23/2016,ASSIGNED,PARC-0126,UPLOADED,https://doi.org/10.1139/cjz-2016-0107,-,
"A coupled wave-hydrodynamic model of an atoll with high friction: Mechanisms for flow, connectivity, and ecological implications",PUBLISHED,12/28/2016,ASSIGNED,PARC-0127,UPLOADED,https://www.sciencedirect.com/science/article/pii/S146350031630169X?via%3Dihub,-,-
Coral larvae change their settlement preference for crustose coralline algae dependent on availability of bare space,PUBLISHED,2/2/2018,ASSIGNED,PARC-0128,UPLOADED,https://doi.org/10.1007/s00338-018-1665-2,-,-
Activity seascapes highlight central place foraging strategies in marine predators that never stop swimming,PUBLISHED,5/28/2018,ASSIGNED,PARC-0129,UPLOADED,https://doi.org/10.1186/s40462-018-0127-3,-,Data available by request to author
Growth and life history variability of the grey reef shark (Carcharhinus amblyrhynchos) across its range,PUBLISHED,2/16/2017,ASSIGNED,PARC-0130,UPLOADED,"https://doi.org/10.1371/
journal.pone.0172370","https://doi.org/10.1371/
journal.pone.0172370",Some supporting information available
Resetting predator baselines in coral reef ecosystems,PUBLISHED,2/21/2017,ASSIGNED,PARC-0131,UPLOADED,https://doi.org/10.1038/srep43131,-,PARC number originally listed without the 0
No persistent behavioural effects of SCUBA diving on reef sharks,PUBLISHED,3/13/2017,ASSIGNED,PARC-0132,UPLOADED,https://doi.org/10.3354/meps12053,https://doi.org/10.3354/meps12053,Some supporting information available
Assessing the effectiveness of a large marine protected area for reef shark conservation,PUBLISHED,1/13/2017,ASSIGNED,PARC-0133,UPLOADED,https://linkinghub.elsevier.com/retrieve/pii/S0006320717300678 ,-,Supplemental data available through links
Predation risk influences feeding rates but competition structures space use for a common Pacific parrotfis,PUBLISHED,3/24/2017,ASSIGNED,PARC-0134,UPLOADED,https://doi.org/10.1007/s00442-017-3857-9,http://dx.doi.org/10.1007/s00442-017-3857-9,Some supporting information available
Parrotfish movement patterns vary with spatiotemporal scale,PUBLISHED,8/18/2017,ASSIGNED,PARC-0135,UPLOADED,https://doi.org/10.3354/meps12174,https://doi.org/10.3354/meps12174,Some supporting information available
Fine-scale spatial patterns of parrotfish herbivory are shaped by resource availability,PUBLISHED,8/18/2017,ASSIGNED,PARC-0136,UPLOADED,https://doi.org/10.3354/meps12258,http://www.int-res.com/articles/suppl/m577p165_supp.pdf,Some supplementary info available at provided link | PARC number originally listed without the 0
Mapping elemental contamination on Palmyra Atoll National Wildlife Refuge,PUBLISHED,12/30/2017,ASSIGNED,PARC-0137,UPLOADED,https://doi.org/10.1016/j.marpolbul.2017.12.065,https://doi.org/10.5066/F74F1P00,Some supporting information available | PARC number originally listed without the 0
Limited trophic partitioning among sympatric delphinids off a tropical oceanic atoll,PUBLISHED,8/2/2017,ASSIGNED,PARC-0138,UPLOADED,https://doi.org/10.1371/journal.pone.0181526,https://datadryad.org/stash/dataset/doi:10.5061/dryad.tg0fd,Some information available| PARC number originally listed without the 0
Spatial separation without territoriality in shark communities,PUBLISHED,11/9/2017,ASSIGNED,PARC-0139,UPLOADED,https://doi.org/doi:10.1111/oik.04289,https://doi.org/doi:10.1111/oik.04289,Library info not verified | PARC number originally listed without the 0
"Changes in benthic community composition associated with the outbreak of the corallimorph, Rhodactis howesii, at Palmyra Atoll",PUBLISHED,8/13/2019,ASSIGNED,PARC-0140,UPLOADED,https://doi.org/10.1007/s00338-019-01841-5,https://link.springer.com/article/10.1007%2Fs00338-019-01841-5#Sec2,Raw data not found | PARC number originally listed without the 0
Local extinction of the Asian tiger mosquito (Aedes albopictus) following rat eradication on Palmyra Atoll. Biology Letters.14 20170743,PUBLISHED,2/1/2018,ASSIGNED,PARC-0141,UPLOADED,https://doi.org/10.1098/rsbl.2017.0743,https://figshare.com/collections/Supplementary_material_from_Local_extinction_of_the_Asian_tiger_mosquito_i_Aedes_albopictus_i_following_rat_eradication_on_Palmyra_Atoll_/4007599,Some supporting information available | PARC number originally listed without the 0
Biophysical drivers of coral trophic depth zonation,PUBLISHED,2/9/2018,ASSIGNED,PARC-0142,UPLOADED,https://doi.org/10.1007/s00227-018-3314-2,https://doi.org/10.1007/s00227-018-3314-2,-
Mobile marine predators: an understudied source of nutrients to coral reefs in an unfished atoll,PUBLISHED,2/9/2018,ASSIGNED,PARC-0143,UPLOADED, http://dx.doi.org/10.1098/rspb.2017.2456,https://dx.doi.org/10.6084/m9.figshare.c.4007623,Some supplementary information available | PARC number originally listed without the 0
"Marine protected areas and migratory species: residency of green turtles at Palmyra Atoll, Central Pacific",PUBLISHED,10/29/2018,ASSIGNED,PARC-0144,UPLOADED, https://doi.org/10.3354/esr00922,https://www.int-res.com/abstracts/esr/v37/p165-182/,Some supplementary information available| PARC number originally listed without the 0
Herbivorous fish populations respond positively to a shipwreck removal and associated alteration of benthic habitat,PUBLISHED,4/6/2018,ASSIGNED,PARC-0145,UPLOADED,https://doi.org/10.3389/fmars.2018.00406,-,PARC number originally listed without the 0
Quantifying coconut palm extent on Pacific islands using spectral and textural analysis of very high resolution imagery,PUBLISHED,3/28/2019,ASSIGNED,PARC-0146,UPLOADED,https://doi.org/10.1080/01431161.2019.1594440,-,Library info not verified | PARC number originally listed without the 0
"Chemistry of the consumption and excretion of the bumphead parrotfish (Bolbometopon muricatum), a coral reef mega-consumer",PUBLISHED,2/24/2019,ASSIGNED,PARC-0147,UPLOADED,https://doi.org/10.1007/s00338-019-01781-0,https://link.springer.com/article/10.1007%2Fs00338-019-01781-0#Sec14,PARC number originally listed without the 0
"Limited coral mortality following acute thermal stress and widespread bleaching on Palmyra Atoll, central Pacific",PUBLISHED,3/28/2019,ASSIGNED,PARC-0148,UPLOADED, https://doi.org/10.1007/s00338-019-01796-7,https://doi.org/10.1007/s00338-019-01796-7,-
Global biogeography of coral recruitment: tropical decline and subtropical increase,PUBLISHED,7/4/2019,ASSIGNED,PARC-0149,UPLOADED,https://doi.org/10.3354/meps12980,https://www.int-res.com/abstracts/meps/v621/p1-17/,Some supplemental information available | PARC number originally listed without the 0
The influence of habitat and adults on the spatial distribution of juvenile corals,PUBLISHED,6/16/2019,ASSIGNED,PARC-0150,UPLOADED,https://doi.org/doi: 10.1111/ecog.04520,http://dx.doi.org/10.5061/dryad.xxxxx,Some supporting information available
Parasites in marine food webs,PUBLISHED,May-20,ASSIGNED,PARC-0151,UPLOADED,https://oxford.universitypressscholarship.com/view/10.1093/oso/9780198821632.001.0001/oso-9780198821632-chapter-2,-,Book Chapter | PARC number originally listed without the 0
Possible control of acute outbreaks of a marine fungal pathogen by nominally herbivorous tropical reef fish,-,-,ASSIGNED,PARC-0152,INCOMPLETE,https://doi.org/10.1007/s00442-020-04697-7,-,
Diel temperature and pH variability scale with depth across diverse coral reef habitats,-,-,ASSIGNED,PARC-0153,INCOMPLETE,https://doi.org/doi:10.1002/lol2.10129,,-
"Parasitic nematodes of marine fishes from Palmyra Atoll, East Indo-Pacific, including a new species of Spinitectus (Nematoda, Cystidicolidae). ZooKeys 892:1-26.",PUBLISHED,11/27/2019,ASSIGNED,PARC-0154,UPLOADED,https://doi.org/10.3897/zookeys.892.38447,-, PARC number originally listed without the 0
Dermal denticle assemblages in coral reef sediments correlate with conventional shark surveys,-,-,ASSIGNED,PARC-0155,INCOMPLETE,https://doi.org/10.1111/2041-210X.13346,-,
Multiyear social stability and social information in marine predators with diel fission-fusion dynamics,-,-,ASSIGNED,PARC-0156,INCOMPLETE,-,-,-
Inter and intraspecific behavioral interactions are habitat-specific amongst reef sharks,-,-,ASSIGNED,PARC-0157,INCOMPLETE,https://doi.org/10.1007/s00442-020-04676-y,-,-
Sea turtles across the North Pacific are exposed to perfluoroalkyl substances,-,-,ASSIGNED,PARC-0158,INCOMPLETE,-,-,
Impacts of rodent eradication on seed predation and plant community biomass on a tropical atoll,PUBLISHED,8/6/2020,ASSIGNED,PARC-0159,UPLOADED,https://doi.org/10.1111/btp.12864,-,-
Effects of consumer surface sterilization on diet DNA metabarcoding data of terrestrial invertebrates in natural environments and feeding trials,PUBLISHED,8/9/2021,ASSIGNED,PARC-0160,UPLOADED,https://onlinelibrary.wiley.com/doi/10.1002/ece3.7968,https://onlinelibrary.wiley.com/doi/10.1002/ece3.7968,
Predator-prey interactions of terrestrial invertebrates are determined by predator body size and species identity.,,,ASSIGNED,PARC-0161,INCOMPLETE,,,